記録日時,曜日,記事ID,タイトル,URL,カテゴリー,投稿日時,最終編集日時,最終再投稿日時,直近出勤日,前日PV,前週PV,前月PV,全期間PV,販売回数,売上pt
2026-08-19 00:03:51,水,1820272,【8/20出勤】【Jカップ】【秋葉原】爆乳ゆるふわ美女の神乳PZで絶頂！MB密着と顔面埋まり体験記,https://wakust.com/Risingnoboru/1820272/,東京都,2026-08-19 00:00,,,"8/20,8/23",,,,,,
2026-08-19 00:03:51,水,1798265,"【8/19.21.24出勤】【Hカップ】【流山おおたかの森】極上神乳PZで絶頂！過去一柔らかい天然Hカップ美女の超密着パイズリ体験記 #8/19,8/21,8/24 #千葉",https://wakust.com/Risingnoboru/1798265/,千葉県,2026-07-28 00:00,,,"8/19,8/21,8/24",4,19,40,140,3,3
2026-08-19 00:03:51,水,1762959,"【8/19.22出勤】【Fカップ】【綱島】神乳PZで絶頂！エロ可愛いムッチリ巨乳のマイクロビキニ密着と至高のフィニッシュ体験記 #8/19,8/22 #本日出勤 #神奈川",https://wakust.com/Risingnoboru/1762959/,神奈川県,2026-06-28 00:01,,,"8/19,8/22",1,3,54,124,1,1
2026-08-19 00:03:51,水,1754553,"【8/20.24.26出勤】【Hカップ】【登戸】神乳PZで絶頂！細身巨乳美女の「 naked密着」と、鏡越しprprに溺れる至高のフィニッシュ体験記 #8/20,8/24,8/26 #本日出勤",https://wakust.com/Risingnoboru/1754553/,多摩,2026-06-20 00:02,,,"8/20,8/24,8/26",1,6,54,165,3,3
2026-08-19 00:03:51,水,1663754,"【8/19.20出勤】【Gカップ】【新宿】初回から境界線を超えた超密着！JD美女と溶け合う「生感覚」の衝撃。極上本番HRフィニッシュ #8/19,8/20 #本日出勤 #東京都内",https://wakust.com/Risingnoboru/1663754/,新宿,2026-04-03 17:11,,,"8/19,8/20",1,1,23,138,4,4
2026-08-19 00:03:51,水,1817046,【8/23出勤】【Hカップ】【武蔵小杉】生のまま中出し解禁！美形細身巨乳美女の全裸密着と生本番NNフィニッシュ体験記 #8/23 #本日出勤 #神奈川,https://wakust.com/Risingnoboru/1817046/,神奈川県,2026-08-12 00:00,,,8/23,4,45,,85,2,2
2026-08-19 00:03:51,水,1623796,"【8/19.22出勤】【Fカップ】【中野】「あとで脱がせる方がERいでしょ♥」Fカップ清楚系セラピストと堕ちる、濃厚DK＆背徳の初回本番NS90分 #8/19,8/22 #東京都内",https://wakust.com/Risingnoboru/1623796/,池袋,2026-02-25 20:00,,,"8/19,8/22",,6,37,350,1,1
2026-08-19 00:03:51,水,1710842,"【8/22.25出勤】【Gカップ】【恵比寿】ゴマキ似ギャル美女と本番解禁！スレンダー巨乳に溺れる至高のGHR体験記 #8/22,8/25 #本日出勤 #東京都内",https://wakust.com/Risingnoboru/1710842/,東京都,2026-05-15 00:02,,,"8/22,8/25",,16,72,326,8,10
2026-08-19 00:03:51,水,1639998,【8/21出勤】【Kカップ】【銀座】揉みごたえ充分の巨乳は感度も抜群！ ふわふわおっ杯で濃厚密着PZ(パイズリ) #8/21 #本日出勤 #東京都内,https://wakust.com/Risingnoboru/1639998/,東京都,2026-03-12 15:53,,,8/21,1,24,95,746,10,13
2026-08-19 00:03:51,水,1754540,"【8/19.21.22出勤】【Hカップ】【新宿】驚愕の爆乳PZ！清楚系色白スレンダー美女のゼロ距離密着と、脳がとろける至高の体験記 #8/19,8/21,8/22 #本日出勤 #東京都内",https://wakust.com/Risingnoboru/1754540/,新宿,2026-06-20 00:01,,,"8/19,8/21,8/22",,11,42,109,5,5
2026-08-19 00:03:51,水,1761550,【8/23出勤】【Gカップ】【中野】本番解禁！柏木由紀似OLと一緒に入る泡洗体に溺れる至高のGHR体験記 #8/23 #本日出勤 #東京都内,https://wakust.com/Risingnoboru/1761550/,池袋,2026-06-27 00:03,,,8/23,,5,27,72,1,1
2026-08-19 00:03:51,水,1762946,"【8/21.22.23出勤】【Hカップ】【横浜】170cmの48Kgスーパーモデル級美人のKP剥ぎ取り密着に狂う本番GHR体験記 #8/21,8/22,8/23 #本日出勤 #神奈川",https://wakust.com/Risingnoboru/1762946/,神奈川県,2026-06-28 00:01,,,"8/21,8/22,8/23",,8,51,108,2,2
2026-08-19 00:03:51,水,1651485,"【8/19.21.22出勤】【Gカップ】【登戸】初回から「ねぇ、もう一回しよ♥」極上Gカップに溺れる本番NS二回転フィニッシュ #8/19,8/21,8/22 #本日出勤",https://wakust.com/Risingnoboru/1651485/,多摩,2026-03-21 17:24,,,"8/19,8/21,8/22",1,13,37,341,4,4
2026-08-19 00:03:51,水,1623774,"【8/19.21.22出勤】【Jカップ】【池袋】「時間があるなら2回でもいいよ♥」初回からJカップ爆乳美女の神対応。無料パイズリPZの快感に溺れた、高身長元キャバ嬢との夜 #8/19,8/21,8/22 #本日出勤 #東京都内",https://wakust.com/Risingnoboru/1623774/,池袋,2026-02-24 18:03,,,"8/19,8/21,8/22",2,37,137,979,8,10
2026-08-19 00:03:51,水,1677604,"【8/19.20出勤】【Fカップ】【赤羽】「アニメ声」たぬき顔美女と初回本番解禁！密着マッサージに溺れる至高のGHRフィニッシュ体験記 #8/19,8/20 #本日出勤 #埼玉",https://wakust.com/Risingnoboru/1677604/,埼玉県,2026-04-13 00:05,,,"8/19,8/20",2,18,97,539,7,8
2026-08-19 00:03:51,水,1656105,"【8/19.20出勤】【Fカップ】【大宮】密着オイル攻めの果てに迎えた、衝撃の初回本番HRフィニッシュ！ #8/19,8/20 #本日出勤 #埼玉",https://wakust.com/Risingnoboru/1656105/,埼玉県,2026-03-25 16:22,,,"8/19,8/20",,10,35,461,2,2
2026-08-19 00:03:51,水,1798255,"【8/21.22.23出勤】【Gカップ】【津田沼】むちむちボブ美女AN密着に狂う本番GHR体験記 #8/21,8/22,8/23 #千葉",https://wakust.com/Risingnoboru/1798255/,千葉県,2026-07-29 00:00,,,"8/21,8/22,8/23",3,49,22,142,2,2
2026-08-19 00:03:51,水,1798245,"【8/21.22.23出勤】【Iカップ】【南流山/流山おおたかの森】爆乳JD美女と本番解禁！オイルパイ挟みに狂うGHR体験記 #8/21,8/22,8/23 #千葉",https://wakust.com/Risingnoboru/1798245/,千葉県,2026-07-31 00:00,,,"8/21,8/22,8/23",2,15,12,96,3,3
2026-08-19 00:03:51,水,1710821,"【8/19.20.21出勤】【Gカップ】【新宿】元グラドルのH超え爆乳と「２回戦本番HR」に壊される、支配的な至高の体験記 #8/19,8/20,8/21 #本日出勤 #東京都内",https://wakust.com/Risingnoboru/1710821/,新宿,2026-05-14 00:01,,,"8/19,8/20,8/21",3,15,102,305,9,10
2026-08-19 00:03:51,水,1656283,"【8/19.20.22出勤】【Fカップ】【調布】清楚な顔立ちに潜む、驚愕の「名器」と感度…理性が決壊する交渉の末、生の温もりに溺れた至高の初回本番HR体験記！ #8/19,8/20,8/22 #本日出勤",https://wakust.com/Risingnoboru/1656283/,多摩,2026-04-02 17:20,,,"8/19,8/20,8/22",8,18,75,471,7,7
2026-08-19 00:03:51,水,1780559,"【8/19.20.21出勤】【Fカップ】【池袋】生ハメNNで絶頂！リアルアイドル顔美女の超濃厚ヌルヌル密着と至高のNN体験記 #8/19,8/20,8/21 #本日出勤 #東京都内",https://wakust.com/Risingnoboru/1780559/,池袋,2026-07-13 00:01,,,"8/19,8/20,8/21",1,18,65,135,5,5
2026-08-19 00:03:51,水,1656219,"【8/19.20.21出勤】【Fカップ】【吉祥寺】初回から濃厚PZ(パイズリ)から搾り取られる、至高の本番HRフィニッシュ！Gカップに溺れる「密着ソファー」の誘惑 #8/19,8/20,8/21 #本日出勤",https://wakust.com/Risingnoboru/1656219/,多摩,2026-03-25 18:50,,,"8/19,8/20,8/21",3,19,61,430,8,9
2026-08-19 00:03:51,水,1677621,"【8/20.21出勤】【Gカップ】【浦和】禁断のモロ出し。Gカップ美女の「生乳PZ」と、吐息が重なる濃厚フィニッシュ体験記 #8/20,8/21 #本日出勤 #埼玉",https://wakust.com/Risingnoboru/1677621/,埼玉県,2026-04-13 00:05,,,"8/20,8/21",3,16,48,375,1,1
2026-08-19 00:03:51,水,1754531,"【8/19.20出勤】【Gカップ】【赤坂】驚愕の神乳PZ！林ゆめ似の超絶スレンダー巨乳と、ゼロ距離密着に理性が溶ける体験記 #8/19,8/20 #本日出勤 #東京都内",https://wakust.com/Risingnoboru/1754531/,東京都,2026-06-20 00:02,,,"8/19,8/20",3,20,101,295,12,15
2026-08-19 00:03:51,水,1667106,【8/19出勤】【Fカップ】【厚木】初回で理性が決壊。有村架純似Fカップ美女の吐息と「ツルツル秘部」に溺れた至高の本番GHRフィニッシュ体験記 #8/19 #本日出勤 #神奈川,https://wakust.com/Risingnoboru/1667106/,神奈川県,2026-04-11 00:01,,,8/19,4,16,70,347,10,12
2026-08-19 00:03:51,水,1794515,"【8/19.22.23出勤】【Jカップ】【大宮】地雷系むちむち美女本番解禁！トップレス密着に狂うGHR体験記 #8/19,8/22,8/23 #本日出勤 #埼玉",https://wakust.com/Risingnoboru/1794515/,埼玉県,2026-07-25 00:01,,,"8/19,8/22,8/23",5,11,36,98,1,1
2026-08-19 00:03:51,水,1822419,"【8/19.21.22出勤】【Jカップ】【新宿】神乳PZで絶頂！Jカップ美女MB密着と未体験の極圧パイズリ体験記 #8/19,8/21,8/22 #本日出勤 #東京都内",https://wakust.com/Risingnoboru/1822419/,新宿,2026-08-18 00:00,,,"8/19,8/21,8/22",,,,7,,
2026-08-19 00:03:51,水,1823553,"【8/20.22出勤】【Gカップ】【秋葉原】低身長ロリ巨乳美女と本番解禁！トップレス密着GHR体験記 #8/20,8/22 #本日出勤 #東京都内",https://wakust.com/Risingnoboru/1823553/,東京都,2026-08-18 00:00,,,"8/20,8/22",,,,30,,
2026-08-19 00:03:51,水,1663730,"【8/20.21出勤】【Gカップ】【新宿】現役AV女優と禁断の初回本番GHR！熟練タイ古式と爆乳に搾り取られる、新宿の至高フィニッシュ体験記！ #8/20,8/21 #東京都内",https://wakust.com/Risingnoboru/1663730/,新宿,2026-04-13 00:00,,,"8/20,8/21",2,4,30,132,3,3
2026-08-19 00:03:51,水,1640011,"【8/20.21.24出勤】【Gカップ】【池袋】池田エライザ似の爆乳美女と初回から「禁断の中出しNN合体」！深夜枠で溺れた、むっちりマシュマロボディの誘惑 #8/20,8/21,8/24 #東京都内",https://wakust.com/Risingnoboru/1640011/,池袋,2026-03-11 18:05,,,"8/20,8/21,8/24",2,15,57,488,8,10
2026-08-19 00:03:51,水,1656212,"【8/19.20.21出勤】【Jカップ】【吉祥寺】視界を塞ぐ爆乳の壁！ソファーでの密着ハグから搾り取られる、至高のPZ(パイズリ)フィニッシュ体験記！ #8/19,8/20,8/21",https://wakust.com/Risingnoboru/1656212/,多摩,2026-03-25 18:44,,,"8/19,8/20,8/21",4,17,60,510,4,4
2026-08-19 00:03:51,水,1653899,"【8/19.20.21出勤】【Gカップ】【新宿】スレンダーな腰に「上向き巨乳」の奇跡…職場のマドンナ似との密着PZ(パイズリ) #8/19,8/20,8/21 #本日出勤 #東京都内",https://wakust.com/Risingnoboru/1653899/,新宿,2026-03-23 19:51,,,"8/20,8/21,8/24",3,9,29,241,3,3
2026-08-19 00:03:51,水,1677586,【12/10出勤】【Gカップ】【大宮】初回本番解禁！新人美女の「初めてのin」と、重力に抗えない爆乳に溺れる。至高のGHRフィニッシュ体験記 #12/10 #埼玉,https://wakust.com/Risingnoboru/1677586/,埼玉県,2026-04-14 00:00,,,12/10,4,12,23,212,1,1
2026-08-19 00:03:51,水,1656054,【8/24出勤】【Jカップ】【大宮】初回から至高の本番NS生挿入！視界を覆う爆乳スタンプ…合意の上で堕ちた締まりに悶絶体験記 #8/24 #埼玉,https://wakust.com/Risingnoboru/1656054/,埼玉県,2026-03-25 18:23,,,8/24,5,15,86,637,8,10
2026-08-19 00:03:51,水,1761543,【8/21出勤】【Eカップ】【中野】本番解禁！高身長Fカップ女子大生の「数の子天井ナカ出し」とSPPN密着に溺れる至高のGHR体験記 #8/21 #東京都内,https://wakust.com/Risingnoboru/1761543/,池袋,2026-06-27 00:03,,,8/21,4,13,48,119,1,1
2026-08-19 00:03:51,水,1597345,"【8/19.20.22出勤】【Iカップ】【品川】高身長ムチムチ聖母の「生OPI」洗礼！SKSK衣装から溢れる爆乳PZ(パイズリ)体験記 #8/19,8/20,8/22 #東京都内",https://wakust.com/Risingnoboru/1597345/,東京都,2026-02-03 18:37,,,"8/19,8/20,8/22",5,27,146,1008,8,9
2026-08-19 00:03:51,水,1667095,"【8/21.22.23出勤】【Fカップ】【関内】初回から理性が決壊する一線越え。本格派美女の「お口で装着」と名器の締め付けに溺れた至高のGHRフィニッシュ体験記 #8/21,8/22,8/23 #神奈川",https://wakust.com/Risingnoboru/1667095/,神奈川県,2026-04-05 00:08,,,"8/21,8/22,8/23",2,30,110,631,13,17
2026-08-19 00:03:51,水,1639983,"【8/22.23出勤】【Gカップ】【中野】初回から巨乳ギャルのフルスロットルの寛容度。生Fからの「最後どうする？」で本番GHR。 #8/22,8/23 #東京都内",https://wakust.com/Risingnoboru/1639983/,池袋,2026-03-11 17:35,,,"8/22,8/23",,19,45,567,6,6
2026-08-19 00:03:51,水,1655202,"【8/21.22.24出勤】【Gカップ】【横浜】初回極上PZの衝撃！初回から弾力MAXのOPIスタンプと禁断の密着洗体…NPの誘惑に搾り取られるPZフィニッシュ #8/21,8/22,8/24 #神奈川",https://wakust.com/Risingnoboru/1655202/,神奈川県,2026-03-25 18:59,,,"8/21,8/22,8/24",4,18,39,475,5,5
2026-08-19 00:03:51,水,1655185,【8/22出勤】【Gカップ】【横浜】癒し系お姉さんの「隠しきれないHカップ」に悶絶！密着オイルから搾り取られる、至高のPZ(パイズリ)フィニッシュ体験記 #8/22 #神奈川,https://wakust.com/Risingnoboru/1655185/,神奈川県,2026-03-25 18:49,,,8/22,2,19,72,619,5,5
2026-08-19 00:03:51,水,1655259,"【8/20.23出勤】【Eカップ】【新宿】至高のPZで悶絶！柔らか巨乳の密着スタンプと「もう1回できる？」と囁かれる悦楽 #8/20,8/23 #本日出勤 #東京都内",https://wakust.com/Risingnoboru/1655259/,新宿,2026-03-24 20:19,,,"8/20,8/23",,6,22,169,2,2
2026-08-19 00:03:51,水,1822402,【8/19出勤】【Gカップ】【登戸】色白小顔ギャル美女と本番解禁！一緒シャワー全裸密着GHR体験記 #8/19,https://wakust.com/Risingnoboru/1822402/,多摩,2026-08-17 00:00,,,,3,,,12,,
2026-08-19 00:03:51,水,1822409,【8/18出勤】【Fカップ】【恵比寿】神乳綺麗系お姉さんのMB密着と至高のパイズリ体験記 #8/18 #東京都内,https://wakust.com/Risingnoboru/1822409/,東京都,2026-08-17 00:00,,,,21,,,34,1,1
2026-08-19 00:03:51,水,1821353,"【8/19.21.22出勤】【Fカップ】【渋谷】モデル級スレンダー巨乳美女と本番解禁！顔面胸乗せ密着GHR体験記 #8/19,8/21,8/22 #本日出勤 #東京都内",https://wakust.com/Risingnoboru/1821353/,東京都,2026-08-17 00:00,,,"8/19,8/22",15,,,29,2,2
2026-08-19 00:03:51,水,1662532,【8/16出勤】【Hカップ】【吉祥寺】クラスの可愛い子と「恋人気分」！水袋のような弾力のHカップで搾り取られる、至高のPZ(パイズリ)フィニッシュ体験記！ #8/16 #本日出勤,https://wakust.com/Risingnoboru/1662532/,多摩,2026-04-02 17:20,,,,,6,6,125,1,1
2026-08-19 00:03:51,水,1656126,【8/22出勤】【Gカップ】【大宮】「ムチふわ爆乳」の誘惑…おっぱいスタンプから搾り取られる、至高のPZ(パイズリ)フィニッシュ体験記！ #8/22 #埼玉,https://wakust.com/Risingnoboru/1656126/,埼玉県,2026-03-28 16:39,,,,1,5,18,148,1,1
2026-08-19 00:03:51,水,1788175,"【8/22.23出勤】【Fカップ】【練馬】本番解禁！YouTuberかすちゃん似美女のおっぱい密着に狂うGHR体験記 #8/22,8/23 #東京都内",https://wakust.com/Risingnoboru/1788175/,池袋,2026-07-19 00:00,,,"8/22,8/23",1,21,42,88,2,2
2026-08-19 00:03:51,水,1820244,【8/23出勤】【Fカップ】【国分寺】美くびれ巨乳美女と本番解禁！長い爪フェザー密着GHR体験記 #8/23,https://wakust.com/Risingnoboru/1820244/,多摩,2026-08-15 00:00,,,8/23,22,24,,66,4,4
2026-08-19 00:03:51,水,1710833,"【8/21.22.23出勤】【Fカップ】【中目黒】清楚系美女の溢れるFカップ爆乳に溺れる至高の本番GHR体験記 #8/21,8/22,8/23 #東京都内",https://wakust.com/Risingnoboru/1710833/,東京都,2026-05-15 00:02,,,"8/21,8/22,8/23",,16,45,198,8,9
2026-08-19 00:03:51,水,1761541,"【8/21.22出勤】【Gカップ】【品川】驚愕の神乳PZ！清楚系お姉さんの「naked密着」と、ゼロ距離奉仕に理性が溶ける体験記 #8/21,8/22 #本日出勤 #東京都内",https://wakust.com/Risingnoboru/1761541/,東京都,2026-06-27 00:02,,,"8/21,8/22",1,30,59,161,7,7
2026-08-19 00:03:51,水,1668292,"【8/22.23出勤】【Iカップ】【新宿】爆乳解禁。清楚系アイドル美女の「生乳PZ」と、理性を奪う中出し。至高のフィニッシュ体験記 #8/22,8/23 #東京都内",https://wakust.com/Risingnoboru/1668292/,新宿,2026-04-07 00:03,,,"8/22,8/23",,14,37,201,3,3
2026-08-19 00:03:51,水,1653925,"【8/20.21.22出勤】【Fカップ】【新宿】初回から現役JDと濃厚DK＆生本番級GHR！スベスベ美肌の妹系美女と溺れる超密着PZの衝撃！#本日出勤 #8/20,8/21,8/22 #東京都内",https://wakust.com/Risingnoboru/1653925/,新宿,2026-03-23 19:38,,,"8/20,8/21,8/22",,10,51,333,6,6
2026-08-19 00:03:51,水,1667110,"【8/21.23出勤】【Fカップ】【武蔵小杉】境界線を超えた密着。グラビア級美女の「おっとり吐息」と名器に溺れる、至高の初回本番GHRフィニッシュ体験記 #8/21,8/23 #神奈川",https://wakust.com/Risingnoboru/1667110/,神奈川県,2026-04-05 00:20,,,"8/21,8/23",,18,62,310,4,4
2026-08-19 00:03:51,水,1683671,"【8/20.22.23出勤】【Eカップ】【大宮】AV女優黒川すみれ似美女の「生乳PZ」と、Sっ気溢れる言葉責めに溺れる至高の体験記 #8/20,8/22,8/23 #本日出勤 #埼玉",https://wakust.com/Risingnoboru/1683671/,埼玉県,2026-04-18 00:08,,,"8/20,8/22,8/23",,11,30,228,1,1
2026-08-19 00:03:51,水,1821346,【8/20出勤】【Fカップ】【渋谷】神乳美女の紐MB密着と至高のパイズリ体験記 #8/20 #東京都内,https://wakust.com/Risingnoboru/1821346/,東京都,2026-08-16 00:00,,,8/20,5,12,,36,,
2026-08-19 00:03:51,水,1820251,【8/23出勤】【Hカップ】【恵比寿】巨乳大学生美女と本番解禁！MB密着GHR体験記 #8/23 #東京都内,https://wakust.com/Risingnoboru/1820251/,東京都,2026-08-16 00:00,,,8/23,8,26,,45,1,1
2026-08-19 00:03:51,水,1683650,【8/20出勤】【Hカップ】【浦和】NN解禁！爆乳美女への「生挿入中出し」と溢れるデカ尻に溺れる至高の体験記 #8/20 #埼玉,https://wakust.com/Risingnoboru/1683650/,埼玉県,2026-04-18 00:03,,,8/20,2,25,63,455,9,11
2026-08-19 00:03:51,水,1683635,"【8/19.20.21出勤】【Eカップ】【登戸/溝の口】色白スレンダー美女の「超絶NF奉仕」と、上に跨り繋がる至高のGHR体験記 #8/19,8/20,8/21",https://wakust.com/Risingnoboru/1683635/,多摩,2026-04-18 00:07,,,"8/19,8/20,8/21",1,11,63,314,4,4
2026-08-19 00:03:51,水,1762949,【8/23出勤出勤】【Gカップ】【本厚木】HP通り可愛い美女のと一緒に入る泡洗体に溺れる至高の本番GHR体験記 #8/23 #神奈川,https://wakust.com/Risingnoboru/1762949/,神奈川県,2026-06-28 00:01,,,8/23,3,30,118,324,15,19
2026-08-19 00:03:51,水,1817000,"【8/19.20.21出勤】【Eカップ】【笹塚】爆乳美女の無課金生外だしと全裸お触り密着に狂う体験記 #8/19,8/20,8/21 #本日出勤 #東京都内",https://wakust.com/Risingnoboru/1817000/,東京都,2026-08-15 00:00,,,"8/19,8/20,8/21",3,30,,42,,
2026-08-19 00:03:51,水,1820247,【8/19出勤】【Hカップ】【新宿】グラマラス爆乳美女と本番解禁！TL密着GHR体験記 #8/19 #東京都内,https://wakust.com/Risingnoboru/1820247/,新宿,2026-08-15 00:00,,,8/19,1,7,,12,,
2026-08-19 00:03:51,水,1656086,"【12/8.27出勤】【Iカップ】【大宮】神スタイルと初回NSの悦楽！AI超えの美体と堕ちる「生の温もり」…2回戦連続フィニッシュ #12/8,12/27 #埼玉",https://wakust.com/Risingnoboru/1656086/,埼玉県,2026-03-30 16:07,,,"12/8,12/27",1,14,37,474,6,7
2026-08-19 00:03:51,水,1708502,"【8/23.24出勤】【Gカップ】【新宿】本番解禁！白川理桜似のGカップ美女と「密着中出し」。理性を焼き切る至高のGHR体験記 #8/23,8/24 #本日出勤 #東京都内",https://wakust.com/Risingnoboru/1708502/,新宿,2026-05-11 00:01,,,"8/23,8/24",,4,14,69,1,1
2026-08-19 00:03:51,水,1653910,"【8/19.20.21出勤】【Fカップ】【新宿】お風呂屋超えの濃厚PZ(パイズリ)！Fカップ美乳嬢と溺れる「寸止め地獄」と「密着DKフィニッシュ」 #8/19,8/20,8/21 #本日出勤 #東京都内",https://wakust.com/Risingnoboru/1653910/,新宿,2026-03-23 19:48,,,"8/19,8/20,8/21",,9,32,188,2,2
2026-08-19 00:03:51,水,1656071,"【8/19.20.21出勤】【Dカップ】【大宮】パフィーニップルの誘惑とSPPN密着！理性が吹き飛ぶ「NS生挿入」フィニッシュ体験記！ #8/19,8/20,8/21 #埼玉",https://wakust.com/Risingnoboru/1656071/,埼玉県,2026-03-25 15:41,,,"8/19,8/20,8/21",2,14,35,389,5,5
2026-08-19 00:03:51,水,1817054,"【8/19.21出勤】【Fカップ】【武蔵小杉】本番解禁！たぬき顔美女の盛MN密着GHR体験記 #8/19,8/21 #神奈川",https://wakust.com/Risingnoboru/1817054/,神奈川県,2026-08-14 00:00,,,"8/19,8/21",4,25,,48,2,2
2026-08-19 00:03:51,水,1788157,"【8/19.20.21出勤】【Gカップ】【吉祥寺】本番解禁！HP通り美人なムッチリ巨乳と密着69に理性が溶けるGHR体験記 #8/19,8/20,8/21 #本日出勤",https://wakust.com/Risingnoboru/1788157/,多摩,2026-07-19 00:00,,,"8/19,8/20,8/21",1,5,26,38,,
2026-08-19 00:03:51,水,1761532,"【8/20.21.22出勤】【Gカップ】【渋谷】本番解禁！現役女子大生のとSPPNで絡み合う至高のGHR体験記 #8/20,8/21,8/22 #東京都内",https://wakust.com/Risingnoboru/1761532/,東京都,2026-06-27 00:02,,,"8/20,8/21,8/22",1,12,33,110,3,3
2026-08-19 00:03:51,水,1683683,"【8/21.22.24出勤】【Gカップ】【横浜】洗体アシストで悶絶。巨乳美女の「生乳PZ」と、密着バックご奉仕に溺れる至高のフィニッシュ体験記 #8/21,8/22,8/24 #神奈川",https://wakust.com/Risingnoboru/1683683/,神奈川県,2026-04-20 00:11,,,"8/21,8/22,8/24",,12,35,286,4,4
2026-08-19 00:03:51,水,1662507,"【8/19.20.21出勤】【Gカップ】【五反田】金額交渉なしの神展開！「今日は特別だよ…♥」と囁かれ、生の温もりに溺れた至高の初回生挿入NS体験記！ #8/19,8/20,8/21 #東京都内",https://wakust.com/Risingnoboru/1662507/,東京都,2026-04-01 16:30,,,"8/19,8/20,8/21",,12,52,412,4,4
2026-08-19 00:03:51,水,1673756,"【8/21.23出勤】【Fカップ】【大宮】爆乳解禁！追加なしの極上PZ。至高の肉感と密着ハグに溺れるパイズリフィニッシュ体験記 #8/21,8/23 #埼玉",https://wakust.com/Risingnoboru/1673756/,埼玉県,2026-04-11 00:00,,,"8/21,8/23",,8,25,209,3,3
2026-08-19 00:03:51,水,1817022,"【8/21.22出勤】【Fカップ】【新宿】池田エライザ似ハーフ美女のTL密着と至高のPZフィニッシュ体験記 #8/21,8/22 #東京都内",https://wakust.com/Risingnoboru/1817022/,新宿,2026-08-13 00:00,,,"8/21,8/22",,12,,13,1,1
2026-08-19 00:03:51,水,1817029,【8/19出勤】【Fカップ】【赤坂】ツルスベ巨乳美女のSPPN全裸密着と怒涛のPZフィニッシュ体験記 #8/19 #本日出勤 #東京都内,https://wakust.com/Risingnoboru/1817029/,東京都,2026-08-13 00:00,,,"8/19,8/20",1,38,,51,3,3
2026-08-19 00:03:51,水,1683630,"【8/21.23出勤】【Fカップ】【荻窪】22歳Fカップ美女の「名器の締め付け」と爆乳密着に溺れる至高の初回GHRフィニッシュ体験記 #8/21,8/23",https://wakust.com/Risingnoboru/1683630/,多摩,2026-04-19 00:05,,,"8/21,8/23",1,9,26,204,1,1
2026-08-19 00:03:51,水,1802007,"【8/21.23出勤】【Fカップ】【中野】現役学生の高身長童顔美女と楽しむ至高の本番GHR体験記 #8/21,8/23 #東京都内",https://wakust.com/Risingnoboru/1802007/,池袋,2026-08-01 00:00,,,"8/21,8/23",,3,,19,,
2026-08-19 00:03:51,水,1771375,"【8/20.23出勤】【Gカップ】【恵比寿】天然Gカップ美女のとZNR洗体に溺れる至高のGHR体験記 #8/20,8/23 #東京都内",https://wakust.com/Risingnoboru/1771375/,池袋,2026-07-07 00:01,,,"8/20,8/23",,6,21,36,,
2026-08-19 00:03:51,水,1656118,"【8/21.22出勤】【Gカップ】【大宮】初回から巨乳MBのPZ多幸感！密着オイルで理性を溶かし、巨大な肉圧で搾り取られる至高の快楽 #8/21,8/22 #埼玉",https://wakust.com/Risingnoboru/1656118/,埼玉県,2026-03-25 19:30,,,"8/21,8/22",,2,14,221,3,3
2026-08-19 00:03:51,水,1817039,【8/18出勤】【Iカップ】【本厚木】爆乳美女と無課金本番解禁！紙パンツ脱ぎ捨てトロ顔GHR体験記 #8/18 #神奈川,https://wakust.com/Risingnoboru/1817039/,神奈川県,2026-08-12 00:00,,,,2,58,,91,4,4
2026-08-19 00:03:51,水,1817043,"【8/19.20.21出勤】【Jカップ】【藤沢】天然Jカップ巨乳美女がキャミ脱ぎ捨てからの本番GHR体験記 #8/19,8/20,8/21 #神奈川",https://wakust.com/Risingnoboru/1817043/,神奈川県,2026-08-12 00:00,,,"8/19,8/20,8/21",4,35,,51,,
2026-08-19 00:03:51,水,1817008,"【8/19.20.22出勤】【Iカップ】【新宿】神乳PZで絶頂！ハーフ系二重美女の爆乳パイズリと至高の密着体験記 #8/19,8/20,8/22 #東京都内",https://wakust.com/Risingnoboru/1817008/,新宿,2026-08-12 00:00,,,"8/19,8/20,8/22",,13,,20,,
2026-08-19 00:03:51,水,1817004,"【8/20.21.22出勤】【Gカップ】【新宿】むちむち可愛い系美女のマイクロビキニ密着と神乳PZフィニッシュ体験記 #8/20,8/21,8/22 #本日出勤 #東京都内",https://wakust.com/Risingnoboru/1817004/,新宿,2026-08-12 00:00,,,"8/19,8/20,8/21",,10,,10,,
2026-08-19 00:03:51,水,1601302,"【8/19.21.22出勤】【Hカップ】【恵比寿】初回から「ちゃんと着けるから、挿れてもいい？♥」淫らな聖女の逆指名。現役看護師と堕ちる、ヌルヌル密着の絶頂本番HR #8/19,8/21,8/22 #東京都内",https://wakust.com/Risingnoboru/1601302/,東京都,2026-02-07 00:01,,,"8/19,8/21,8/22",2,8,81,794,15,21
2026-08-19 00:03:51,水,1656274,"【8/19.21.22出勤】【Fカップ】【登戸】溢れる巨乳Gカップの衝撃！密着オイル攻めから交渉で堕ちた、至高の「生感覚」本番GHRフィニッシュ体験記！ #8/19,8/21,8/22",https://wakust.com/Risingnoboru/1656274/,多摩,2026-03-25 19:43,,,"8/19,8/21,8/22",1,,28,247,1,1
2026-08-19 00:03:51,水,1780536,"【8/22.23出勤】【Gカップ】【多摩】生ハメNNで絶頂！小顔グラマラス美女の超密着ヌルヌル本番と至高の体験記 #8/22,8/23",https://wakust.com/Risingnoboru/1780536/,多摩,2026-07-17 00:01,,,"8/22,8/23",1,5,53,88,3,3
2026-08-19 00:03:51,水,1663647,"【8/20.22出勤】【Fカップ】【新宿】新宿の現役学生と初回「生in」中出し！スレンダー美女の絶景と吐息に溺れる至高のフィニッシュ体験記！ #8/20,8/22 #東京都内",https://wakust.com/Risingnoboru/1663647/,新宿,2026-04-01 17:27,,,"8/20,8/22",,1,17,81,2,2
2026-08-19 00:03:51,水,1797240,【8/17出勤】【Iカップ】【溝の口】ぱるる系清楚アイドルと本番解禁！新人美巨乳密着に狂うGHR体験記 #8/17 #本日出勤,https://wakust.com/Risingnoboru/1797240/,多摩,2026-07-27 00:00,,,8/19,,2,19,35,,
2026-08-19 00:03:51,水,1808348,【8/22出勤】【Hカップ】【秋葉原】 #8/22 #東京都内,https://wakust.com/Risingnoboru/1808348/,東京都,2026-08-07 00:00,,,8/22,1,5,,33,,
2026-08-19 00:03:51,水,1662490,"【8/21.23.24出勤】【Lカップ】【秋葉原】視界を覆う「おっぱいスタンプ」から搾り取られるPZ(パイズリ)フィニッシュ体験記！水袋のような超軟乳の至高のPZ(パイズリ)の衝撃！ #8/21,8/23,8/24 #東京都内",https://wakust.com/Risingnoboru/1662490/,東京都,2026-04-02 17:18,,,"8/21,8/23,8/24",1,6,38,553,4,4
2026-08-19 00:03:51,水,1802001,【8/6出勤】【Kカップ】【池袋】Kカップお姉さん美女のMB密着と爆乳PZフィニッシュ体験記 #東京都内,https://wakust.com/Risingnoboru/1802001/,池袋,2026-08-01 00:00,,,,2,4,,51,2,2
2026-08-19 00:03:51,水,1664794,【8/13出勤】【Gカップ】【横浜】初回から理性が決壊する一線越え。Gカップ美女の吐息と「名器の締め付け」に溺れた至高のGHRフィニッシュ体験記 #神奈川,https://wakust.com/Risingnoboru/1664794/,神奈川県,2026-04-03 00:06,,,,,3,17,196,3,3
2026-08-19 00:03:51,水,1789466,"【8/21.22.23出勤】【Hカップ】【海老名】本番解禁！Fカップおっとり美人と生まれたて全裸密着に狂うGHR体験記 #8/21,8/22,8/23 #神奈川",https://wakust.com/Risingnoboru/1789466/,神奈川県,2026-07-20 00:00,,,"8/21,8/22,8/23",1,7,49,78,3,3
2026-08-19 00:03:51,水,1642194,"【8/19.20.24出勤】【Fカップ】【登戸】街で二度見する爆美女と「密着シャワー」の悦楽…初回から奥地まで咥え込む濃厚Fで昇天！ #8/19,8/20,8/24 #本日出勤",https://wakust.com/Risingnoboru/1642194/,多摩,2026-03-13 16:52,,,"8/19,8/20,8/24",,3,38,278,3,3
2026-08-19 00:03:51,水,1806934,【8/5出勤】【Hカップ】【西麻布】本番NS解禁！長身スレンダー美女の四つん這い紙パンツちぎりに狂う体験記 #東京都内,https://wakust.com/Risingnoboru/1806934/,東京都,2026-08-05 00:00,,,,,2,,23,,
2026-08-19 00:03:51,水,1806911,"【8/19.21.22出勤】【Eカップ】【新宿】ピンク髪スレンダー美女の丸出し密着に狂うGHR体験記 #8/19,8/21,8/22 #東京都内",https://wakust.com/Risingnoboru/1806911/,新宿,2026-08-05 00:00,,,"8/19,8/21,8/22",,2,,11,,
2026-08-19 00:03:51,水,1806940,"【8/20.21.23出勤】【Hカップ】【新宿】グラマラス爆乳美女と膝上乗っかり密着に狂う本番GHR体験記 #8/20,8/21,8/23 #東京都内",https://wakust.com/Risingnoboru/1806940/,新宿,2026-08-05 00:00,,,"8/20,8/21,8/23",,4,,20,,
2026-08-19 00:03:51,水,1771377,"【8/20.21出勤】【Iカップ】【秋葉原】爆乳美女のおっぱいポロン密着に狂う本番GHR体験記 #8/20,8/21 #本日出勤 #東京都内",https://wakust.com/Risingnoboru/1771377/,東京都,2026-07-06 00:01,,,"8/20,8/21",,5,48,69,1,1
2026-08-19 00:03:51,水,1662519,"【8/19.23出勤】【Iカップ】【北千住】爆乳と「爆裂美尻」の衝撃！理性を溶かす密着オイルから、生の熱量に溺れた至高の初回本番HR体験記！ #8/19,8/23 #東京都内",https://wakust.com/Risingnoboru/1662519/,東京都,2026-04-04 16:57,,,"8/19,8/23",,6,80,330,7,8
2026-08-19 00:03:51,水,1668882,【8/20出勤】【Gカップ】【錦糸町】初回本番解禁！ムチムチ美女の「名器の締め付け」と、MBから溢れる巨乳に溺れる。至高のGHRフィニッシュ体験記 #8/20 #東京都内,https://wakust.com/Risingnoboru/1668882/,東京都,2026-04-06 00:04,,,8/20,2,2,65,479,9,11
2026-08-19 00:03:51,水,1651197,"【8/22.23出勤】【Hカップ】【中野】「手でやらなきゃいいでしょ？」可愛い顔してPZ(パイズリ)で翻弄する小悪魔系美女 #8/22,8/23 #東京都内",https://wakust.com/Risingnoboru/1651197/,東京都,2026-03-21 11:34,,,"8/22,8/23",,4,26,183,2,2
2026-08-19 00:03:51,水,1656077,【8/23出勤】【Iカップ】【大宮】おわん型巨乳の重圧と「生」の温もり…感度抜群の地雷系美女と堕ちる、衝撃の初回本番NSフィニッシュ！ #8/23 #埼玉,https://wakust.com/Risingnoboru/1656077/,埼玉県,2026-03-26 15:57,,,8/23,1,2,12,176,1,1
2026-08-19 00:03:51,水,1667126,"【8/21.22出勤】【Gカップ】【武蔵小杉】ニコル似Iカップ美女の初回本番「生in」。至高のNSフィニッシュ体験記 #8/21,8/22 #神奈川",https://wakust.com/Risingnoboru/1667126/,神奈川県,2026-04-11 00:05,,,"8/21,8/22",,4,11,149,2,2
2026-08-19 00:03:51,水,1663765,【8/20出勤】【Hカップ】【新宿】初回中出しNN解禁！沖縄出身ギャルと生in。至高の美ボディと「密着中出し」に溺れる、新宿の禁断生挿入フィニッシュ体験記 #8/20 #東京都内,https://wakust.com/Risingnoboru/1663765/,新宿,2026-04-05 00:00,,,8/20,,,23,131,4,4
2026-08-19 00:03:51,水,1802005,【8/5出勤】【Gカップ】【銀座】人生イチ綺麗なGカップ！福岡美人によるツバ垂らしPZとSPPN密着体験記 #東京都内,https://wakust.com/Risingnoboru/1802005/,東京都,2026-08-01 00:00,,,,,2,,33,1,1
2026-08-19 00:03:51,水,1677614,【7/31出勤】【Fカップ】【浦和】低身長巨乳と密着。色白美肌美女の「生乳PZ」と、耳元への吐息に溺れる至高のフィニッシュ体験記 #埼玉,https://wakust.com/Risingnoboru/1677614/,埼玉県,2026-04-14 00:04,,,,,,51,223,3,3
2026-08-19 00:03:51,水,1762969,【8/21出勤】【Gカップ】【横浜】神乳PZで絶頂！Gカップアイドル顔美女のマイクロビキニポロリと至高のフィニッシュ体験記 #8/21 #神奈川,https://wakust.com/Risingnoboru/1762969/,神奈川県,2026-06-28 00:03,,,8/21,,,41,94,1,1
2026-08-19 00:03:51,水,1598368,【8/18出勤】【Iカップ】【秋葉原】焦らしの美学に完敗！プロの脚本で堕ちる「鏡越しの背徳ANR」と至福のPZ(パイズリ)フィニッシュ #8/18 #本日出勤 #東京都内,https://wakust.com/Risingnoboru/1598368/,東京都,2026-02-04 15:07,,,,1,3,85,610,4,4
2026-08-19 00:03:51,水,1797226,"【8/21.23出勤】【Fカップ】【北千住】ギャル系美人の無課金GHR！紙パンツなし超密着に狂う至高の体験記 #8/21,8/23 #東京都内",https://wakust.com/Risingnoboru/1797226/,東京都,2026-07-28 00:00,,,"8/21,8/23",1,6,28,77,,
2026-08-19 00:03:51,水,1797257,"【8/23.26.27出勤】【Hカップ】【恵比寿】神乳PZで絶頂！小柄可愛い巨乳美女の極上マイクロビキニ密着と至高のフィニッシュ体験記 #8/23,8/26,8/27 #東京都内",https://wakust.com/Risingnoboru/1797257/,東京都,2026-07-27 00:00,,,"8/23,8/26,8/27",,6,31,57,1,1
2026-08-19 00:03:51,水,1797247,【7/26出勤】【Hカップ】【三軒茶屋】天然Gカップロリ体型美女と本番！ふわふわマシュマロ密着に狂うGHR体験記 #神奈川,https://wakust.com/Risingnoboru/1797247/,神奈川県,2026-07-26 00:00,,,8/19,,,,,,
2026-08-19 00:03:51,水,1780542,"【8/19.20.21出勤】【Hカップ】【新宿】神乳PZで絶頂！天然Hカップ美女の透けビキニ密着と至高のフィニッシュ体験記 #8/19,8/20,8/21 #東京都内",https://wakust.com/Risingnoboru/1780542/,新宿,2026-07-13 00:00,,,"8/19,8/20,8/21",,7,29,45,1,1
2026-08-19 00:03:51,水,1654034,"【8/22.23出勤】【Fカップ】【武蔵小杉】有村架純似の可憐な美女と溺れる「主導権剥奪」の100分…最後は理性を超える初回本番GHRフィニッシュ！ #8/22,8/23 #神奈川",https://wakust.com/Risingnoboru/1654034/,神奈川県,2026-03-26 20:04,,,8/22,1,4,46,213,5,5
2026-08-19 00:03:51,水,1708856,【8/24出勤】【Dカップ】【麻布】清楚系美女の本番とMBからはみ出す両CKBに溺れる至高のGHR体験記 #8/24 #東京都内,https://wakust.com/Risingnoboru/1708856/,東京都,2026-05-14 00:00,,,8/24,,2,11,73,,
2026-08-19 00:03:51,水,1642392,"【8/21.26.27出勤】【Gカップ】【秋葉原】甘えたがり必見!!高身長Hカプお姉さんのお◯ぱい密着天国からのPZ(パイズリ)フィニッシュ！ #8/21,8/26,8/27 #東京都内",https://wakust.com/Risingnoboru/1642392/,東京都,2026-03-14 10:40,,,"8/21,8/26,8/27",1,2,24,257,2,2
2026-08-19 00:03:51,水,1755449,"【8/19.22.23出勤】【Hカップ】【五反田】伝説級の超マシュマロ巨乳PZ！漫画スタイルの爆乳に溺れる至高のフィニッシュ体験記 #8/19,8/22,8/23 #東京都内",https://wakust.com/Risingnoboru/1755449/,東京都,2026-06-21 00:01,,,"8/19,8/22,8/23",1,3,62,188,1,1
2026-08-19 00:03:51,水,1662528,"【8/19.20.22出勤】【Gカップ】【新宿】金額交渉で堕ちる「生の温もり」！密着オイルから不意打ちの絶品F、そして衝撃の初回本番HRフィニッシュへ！ #8/19,8/20,8/22 #東京都内",https://wakust.com/Risingnoboru/1662528/,新宿,2026-04-02 17:13,,,"8/19,8/20,8/22",,2,3,55,,
2026-08-19 00:03:51,水,1788140,"【8/20.21.22出勤】【Fカップ】【恵比寿】本番解禁！パネマジなし綺麗系美女の天然巨乳に溺れる至高のGHR体験記 #8/20,8/21,8/22 #東京都内",https://wakust.com/Risingnoboru/1788140/,東京都,2026-07-19 00:00,,,"8/20,8/21,8/22",,1,29,39,1,1
2026-08-19 00:03:51,水,1662542,【8/19出勤】【Eカップ】【横浜】至福の初回NS生本番挿入！お腹への発射で締める、最高級の「パコ姫」ホスピタリティ体験記！ #8/19 #神奈川,https://wakust.com/Risingnoboru/1662542/,神奈川県,2026-03-31 20:00,,,8/19,,1,19,175,2,2
2026-08-19 00:03:51,水,1662554,"【8/21.23出勤】【Gカップ】【中野】高身長スレンダー×天然ロケットπ開始30分で理性が決壊！細身の体に宿る巨乳の衝撃と、禁断の初回NSフィニッシュ体験記！ #8/21,8/23 #東京都内",https://wakust.com/Risingnoboru/1662554/,東京都,2026-03-31 17:47,,,"8/21,8/23",,4,16,169,1,1
2026-08-19 00:03:51,水,1764682,"【8/21.22出勤】【Gカップ】【 大宮】Gカップ美女のMBはみ出し密着と至高のPZパイズリフィニッシュ体験記 #8/21,8/22 #埼玉",https://wakust.com/Risingnoboru/1764682/,埼玉県,2026-06-30 00:01,,,"8/21,8/22",,3,42,78,1,1
2026-08-19 00:03:51,水,1599734,"【8/20.22.23出勤】【Gカップ】【新宿】初回で合体まで至った至福の本番HR体験記「このGカップ、本物だ…」若さ弾ける爆乳美女の神対応。 #8/20,8/22,8/23 #本日出勤 #東京都内",https://wakust.com/Risingnoboru/1599734/,新宿,2026-02-05 15:57,,,"8/20,8/22,8/23",,,15,180,2,2
2026-08-19 00:03:51,水,1655143,【8/17出勤】【Fカップ】【横浜】隠れ家で堕ちる「脱衣プレイ」とNBRの誘惑…至近距離で見つめられ搾り取られる極上PZ(パイズリ)の衝撃！ #8/17 #本日出勤 #神奈川,https://wakust.com/Risingnoboru/1655143/,神奈川県,2026-03-25 18:15,,,,1,11,23,185,3,3
2026-08-19 00:03:51,水,1678808,【7/4出勤】【Fカップ】【船橋】生挿入NN解禁！爆乳美女と「唾液NF」に溺れる、至高のフィニッシュ体験記 #千葉,https://wakust.com/Risingnoboru/1678808/,未分類,2026-04-16 00:06,,,,,,,,10,12
2026-08-19 00:03:51,水,1678781,【7/4出勤】【Gカップ】【船橋】生乳爆乳PZ解禁。色白美肌美女と悪戯な囁きに溺れる至高のフィニッシュ体験記 #千葉,https://wakust.com/Risingnoboru/1678781/,千葉県,2026-04-13 18:45,,,,,,26,250,4,4
2026-08-19 00:03:51,水,1708852,【8/21出勤】【Fカップ】【麻布】NN解禁！クール系美女の「生挿入中出し」と、神スタイルに溺れる至高のフィニッシュ体験記 #8/21 #東京都内,https://wakust.com/Risingnoboru/1708852/,東京都,2026-05-13 00:02,,,8/21,,,15,70,1,1
2026-08-19 00:03:51,水,1653916,"【8/19.22出勤】【Gカップ】【新宿】ロシア系クォーターの至高ボディ！爆揺れ巨乳に埋もれる「魔性の69」と絶品PZ(パイズリ)フィニッシュ #8/19,8/22 #東京都内",https://wakust.com/Risingnoboru/1653916/,新宿,2026-03-23 17:55,,,"8/19,8/22",,1,10,154,2,2
2026-08-19 00:03:51,水,1754547,"【8/19.24.26出勤】【Eカップ】【新宿】本番解禁！猫顔スレンダー美女の「名器中出し」と、関西弁の甘い誘惑に溺れる至高のGHR体験記 #8/19,8/24,8/26 #東京都内",https://wakust.com/Risingnoboru/1754547/,新宿,2026-06-22 00:02,,,"8/19,8/24,8/26",2,,7,50,1,1
2026-08-19 00:03:51,水,1650404,"【8/19.23出勤】【Fカップ】【新宿】「特別コースですから…♥」橋本マナミ風お姉さんの透け衣装誘惑。ムチムチFカップと溶け合う初回PZ(パイズリ)による至福の夜 #8/19,8/23 #東京都内",https://wakust.com/Risingnoboru/1650404/,新宿,2026-03-20 16:36,,,"8/19,8/23",,4,9,129,1,1
2026-08-19 00:03:51,水,1654061,【6/26出勤】【Fカップ】【相模大野】メジャーアイドル級美女と溺れる「KPなし」の密着洗体…最後はG着用で果てる禁断の絶頂本番HR体験！ #神奈川,https://wakust.com/Risingnoboru/1654061/,神奈川県,2026-03-23 20:21,,,,,4,14,140,2,2
2026-08-19 00:03:51,水,1710810,"【8/19.20.21出勤】【Gカップ】【新宿】乃木坂系美女と密着本番HR。アニメ級の爆乳に溺れる、至高のGHRフィニッシュ体験記 #8/19,8/20,8/21 #本日出勤 #東京都内",https://wakust.com/Risingnoboru/1710810/,新宿,2026-05-13 00:01,,,"8/19,8/20,8/21",,1,12,55,1,1
2026-08-19 00:03:51,水,1655253,"【8/21.22出勤】【Gカップ】【新宿】コスプレ級美女と堕ちる「禁断の本番」！溢れ出す爆乳おっぱいスタンプと、本番GHRの積極的な誘いに理性が溶ける至福の90分！ #8/21,8/22 #東京都内",https://wakust.com/Risingnoboru/1655253/,新宿,2026-03-24 20:05,,,"8/21,8/22",,,4,52,,
2026-08-19 00:03:51,水,1668275,【8/14出勤】【Fカップ】【新宿】九州出身セクシー美女の「おっとり吐息」と名器に溺れる、至高の初回本番GHRフィニッシュ体験記 #8/14 #本日出勤 #東京都内,https://wakust.com/Risingnoboru/1668275/,新宿,2026-04-08 00:06,,,,,,4,42,1,1
2026-08-19 00:03:51,水,1663737,"【8/20.22出勤】【Gカップ】【新宿】本番解禁！福原遥似の美少女とGHR。お椀型巨乳とヌルヌル密着オイルに溺れる至高のフィニッシュ体験記 #8/20,8/22 #東京都内",https://wakust.com/Risingnoboru/1663737/,新宿,2026-04-01 23:00,,,"8/20,8/22",,,11,46,,
2026-08-19 00:03:51,水,1657099,都内出勤カレンダー,https://wakust.com/Risingnoboru/1657099/,東京都,2026-03-26 12:43,,,,,10,32,425,,
2026-08-19 00:03:51,水,1657105,埼玉県(大宮)出勤カレンダー,https://wakust.com/Risingnoboru/1657105/,埼玉県,2026-03-26 12:46,,,,,1,12,182,,
2026-08-19 00:03:51,水,1657104,横浜周辺出勤カレンダー,https://wakust.com/Risingnoboru/1657104/,神奈川県,2026-03-26 12:46,,,,,1,10,154,,
2026-08-19 00:03:51,水,1657101,多摩(吉祥寺)周辺カレンダー,https://wakust.com/Risingnoboru/1657101/,多摩,2026-03-26 12:44,,,,1,1,10,147,,
2026-08-19 00:03:51,水,1648133,【4/3.5出勤】【Gカップ】【田町】【PZ】20歳のふわっふわH乳によるグラインドPZ(パイズリ)でSKR #東京都内,https://wakust.com/Risingnoboru/1648133/,東京都,2026-03-19 15:37,,,,,,5,94,2,2
2026-08-20 00:04:02,木,1823563,【8/21出勤】【Gカップ】【秋葉原】19歳ハーフ系Gカップ美女と本番解禁！騎乗位密着GHR体験記,https://wakust.com/Risingnoboru/1823563/,東京都,2026-08-20 00:00,,,8/21,,,,,,
2026-08-20 00:04:02,木,1823572,【8/20.21出勤】【Hカップ】【秋葉原】生挿入NS解禁！色白グラマー巨乳美女と全裸密着NS体験記,https://wakust.com/Risingnoboru/1823572/,東京都,2026-08-20 00:00,,,8/21,,,,,,
2026-08-20 00:04:02,木,1798245,"【8/21.22.23出勤】【Iカップ】【南流山/流山おおたかの森】爆乳JD美女と本番解禁！オイルパイ挟みに狂うGHR体験記 #8/21,8/22,8/23 #千葉",https://wakust.com/Risingnoboru/1798245/,千葉県,2026-07-31 00:00,,2026-08-19 17:06:36,"8/21,8/22,8/23",3,15,12,104,3,3
2026-08-20 00:04:02,木,1662542,【8/19出勤】【Eカップ】【横浜】至福の初回NS生本番挿入！お腹への発射で締める、最高級の「パコ姫」ホスピタリティ体験記！ #8/19 #神奈川,https://wakust.com/Risingnoboru/1662542/,神奈川県,2026-03-31 20:00,,,,1,1,19,176,2,2
2026-08-20 00:04:02,木,1601302,"【8/21.22.23出勤】【Hカップ】【恵比寿】初回から「ちゃんと着けるから、挿れてもいい？♥」淫らな聖女の逆指名。現役看護師と堕ちる、ヌルヌル密着の絶頂本番HR #8/21,8/22,8/23 #東京都内",https://wakust.com/Risingnoboru/1601302/,東京都,2026-02-07 00:01,,,"8/21,8/22,8/23",3,8,81,807,15,21
2026-08-20 00:04:02,木,1817054,【8/21出勤】【Fカップ】【武蔵小杉】本番解禁！たぬき顔美女の盛MN密着GHR体験記 #8/21 #神奈川,https://wakust.com/Risingnoboru/1817054/,神奈川県,2026-08-14 00:00,,,8/21,6,25,,57,2,2
2026-08-20 00:04:02,木,1656071,【8/25出勤】【Dカップ】【大宮】パフィーニップルの誘惑とSPPN密着！理性が吹き飛ぶ「NS生挿入」フィニッシュ体験記！ #8/25 #埼玉,https://wakust.com/Risingnoboru/1656071/,埼玉県,2026-03-25 15:41,,,8/25,1,14,35,393,5,5
2026-08-20 00:04:02,木,1653910,"【8/20.21.23出勤】【Fカップ】【新宿】お風呂屋超えの濃厚PZ(パイズリ)！Fカップ美乳嬢と溺れる「寸止め地獄」と「密着DKフィニッシュ」 #8/20,8/21,8/23 #東京都内",https://wakust.com/Risingnoboru/1653910/,新宿,2026-03-23 19:48,,,"8/20,8/21,8/23",,9,32,190,2,2
2026-08-20 00:04:02,木,1597345,"【8/20.22出勤】【Iカップ】【品川】高身長ムチムチ聖母の「生OPI」洗礼！SKSK衣装から溢れる爆乳PZ(パイズリ)体験記 #8/20,8/22 #東京都内",https://wakust.com/Risingnoboru/1597345/,東京都,2026-02-03 18:37,,,"8/20,8/22",1,27,146,1010,8,9
2026-08-20 00:04:02,木,1656212,"【8/20.21.22出勤】【Jカップ】【吉祥寺】視界を塞ぐ爆乳の壁！ソファーでの密着ハグから搾り取られる、至高のPZ(パイズリ)フィニッシュ体験記！ #8/20,8/21,8/22",https://wakust.com/Risingnoboru/1656212/,多摩,2026-03-25 18:44,,,"8/20,8/21,8/22",2,17,60,523,4,4
2026-08-20 00:04:02,木,1640011,"【8/20.21.24出勤】【Gカップ】【池袋】池田エライザ似の爆乳美女と初回から「禁断の中出しNN合体」！深夜枠で溺れた、むっちりマシュマロボディの誘惑 #8/20,8/21,8/24 #東京都内",https://wakust.com/Risingnoboru/1640011/,池袋,2026-03-11 18:05,,,"8/20,8/21,8/24",1,15,57,495,8,10
2026-08-20 00:04:02,木,1794515,"【8/22.23出勤】【Jカップ】【大宮】地雷系むちむち美女本番解禁！トップレス密着に狂うGHR体験記 #8/22,8/23 #埼玉",https://wakust.com/Risingnoboru/1794515/,埼玉県,2026-07-25 00:01,,,"8/22,8/23",1,11,36,105,2,2
2026-08-20 00:04:02,木,1667106,【8/19出勤】【Fカップ】【厚木】初回で理性が決壊。有村架純似Fカップ美女の吐息と「ツルツル秘部」に溺れた至高の本番GHRフィニッシュ体験記,https://wakust.com/Risingnoboru/1667106/,神奈川県,2026-04-11 00:01,,,,1,16,70,357,11,13
2026-08-20 00:04:02,木,1754531,【8/20出勤】【Gカップ】【赤坂】驚愕の神乳PZ！林ゆめ似の超絶スレンダー巨乳と、ゼロ距離密着に理性が溶ける体験記 #8/20 #東京都内,https://wakust.com/Risingnoboru/1754531/,東京都,2026-06-20 00:02,,,8/20,5,20,101,304,12,15
2026-08-20 00:04:02,木,1656219,"【8/20.21.22出勤】【Fカップ】【吉祥寺】初回から濃厚PZ(パイズリ)から搾り取られる、至高の本番HRフィニッシュ！Gカップに溺れる「密着ソファー」の誘惑 #8/20,8/21,8/22",https://wakust.com/Risingnoboru/1656219/,多摩,2026-03-25 18:50,,,"8/20,8/21,8/22",3,19,61,434,8,9
2026-08-20 00:04:02,木,1780559,"【8/20.21.22出勤】【Fカップ】【池袋】生ハメNNで絶頂！リアルアイドル顔美女の超濃厚ヌルヌル密着と至高のNN体験記 #8/20,8/21,8/22 #東京都内",https://wakust.com/Risingnoboru/1780559/,池袋,2026-07-13 00:01,,,"8/20,8/21,8/22",3,18,65,135,5,5
2026-08-20 00:04:02,木,1656283,"【8/20.22.23出勤】【Fカップ】【調布】清楚な顔立ちに潜む、驚愕の「名器」と感度…理性が決壊する交渉の末、生の温もりに溺れた至高の初回本番HR体験記！ #8/20,8/22,8/23",https://wakust.com/Risingnoboru/1656283/,多摩,2026-04-02 17:20,,,"8/20,8/22,8/23",2,18,75,473,7,7
2026-08-20 00:04:02,木,1710821,"【8/20.21.22出勤】【Gカップ】【新宿】元グラドルのH超え爆乳と「２回戦本番HR」に壊される、支配的な至高の体験記 #8/20,8/21,8/22 #東京都内",https://wakust.com/Risingnoboru/1710821/,新宿,2026-05-14 00:01,,,"8/20,8/21,8/22",3,15,102,310,9,10
2026-08-20 00:04:02,木,1798255,"【8/21.22.23出勤】【Gカップ】【津田沼】むちむちボブ美女AN密着に狂う本番GHR体験記 #8/21,8/22,8/23 #千葉",https://wakust.com/Risingnoboru/1798255/,千葉県,2026-07-29 00:00,,,"8/21,8/22,8/23",4,49,22,148,2,2
2026-08-20 00:04:02,木,1656105,【8/20出勤】【Fカップ】【大宮】密着オイル攻めの果てに迎えた、衝撃の初回本番HRフィニッシュ！ #8/20 #埼玉,https://wakust.com/Risingnoboru/1656105/,埼玉県,2026-03-25 16:22,,,8/20,1,10,35,463,2,2
2026-08-20 00:04:02,木,1677604,【8/20出勤】【Fカップ】【赤羽】「アニメ声」たぬき顔美女と初回本番解禁！密着マッサージに溺れる至高のGHRフィニッシュ体験記 #8/20 #埼玉,https://wakust.com/Risingnoboru/1677604/,埼玉県,2026-04-13 00:05,,,8/20,4,18,97,542,7,8
2026-08-20 00:04:02,木,1623774,"【8/21.22.23出勤】【Jカップ】【池袋】「時間があるなら2回でもいいよ♥」初回からJカップ爆乳美女の神対応。無料パイズリPZの快感に溺れた、高身長元キャバ嬢との夜 #8/21,8/22,8/23 #東京都内",https://wakust.com/Risingnoboru/1623774/,池袋,2026-02-24 18:03,,,"8/21,8/22,8/23",3,37,137,981,8,10
2026-08-20 00:04:02,木,1651485,"【8/21.22.24出勤】【Gカップ】【登戸】初回から「ねぇ、もう一回しよ♥」極上Gカップに溺れる本番NS二回転フィニッシュ #8/21,8/22,8/24",https://wakust.com/Risingnoboru/1651485/,多摩,2026-03-21 17:24,,,"8/21,8/22,8/24",1,13,37,342,4,4
2026-08-20 00:04:02,木,1754540,"【8/21.22出勤】【Hカップ】【新宿】驚愕の爆乳PZ！清楚系色白スレンダー美女のゼロ距離密着と、脳がとろける至高の体験記 #8/21,8/22 #東京都内",https://wakust.com/Risingnoboru/1754540/,新宿,2026-06-20 00:01,,,"8/21,8/22",1,11,42,111,5,5
2026-08-20 00:04:02,木,1623796,【8/22出勤】【Fカップ】【中野】「あとで脱がせる方がERいでしょ♥」Fカップ清楚系セラピストと堕ちる、濃厚DK＆背徳の初回本番NS90分 #8/22 #東京都内,https://wakust.com/Risingnoboru/1623796/,池袋,2026-02-25 20:00,,,8/22,3,6,37,350,1,1
2026-08-20 00:04:02,木,1663754,【8/20出勤】【Gカップ】【新宿】初回から境界線を超えた超密着！JD美女と溶け合う「生感覚」の衝撃。極上本番HRフィニッシュ #8/20 #東京都内,https://wakust.com/Risingnoboru/1663754/,新宿,2026-04-03 17:11,,,8/20,2,1,23,141,4,4
2026-08-20 00:04:02,木,1762959,"【8/22.23出勤】【Fカップ】【綱島】神乳PZで絶頂！エロ可愛いムッチリ巨乳のマイクロビキニ密着と至高のフィニッシュ体験記 #8/22,8/23 #神奈川",https://wakust.com/Risingnoboru/1762959/,神奈川県,2026-06-28 00:01,,,"8/22,8/23",4,3,54,127,1,1
2026-08-20 00:04:02,木,1798265,【8/25出勤】【Hカップ】【流山おおたかの森】極上神乳PZで絶頂！過去一柔らかい天然Hカップ美女の超密着パイズリ体験記 #8/25 #千葉,https://wakust.com/Risingnoboru/1798265/,千葉県,2026-07-28 00:00,,,8/25,4,19,40,144,3,3
2026-08-20 00:04:02,木,1820272,"【8/20.23出勤】【Jカップ】【秋葉原】爆乳ゆるふわ美女の神乳PZで絶頂！MB密着と顔面埋まり体験記 #8/20,8/23 #東京都内",https://wakust.com/Risingnoboru/1820272/,東京都,2026-08-19 00:00,,,"8/20,8/23",,,,18,,
2026-08-20 00:04:02,木,1754553,"【8/20.24.26出勤】【Hカップ】【登戸】神乳PZで絶頂！細身巨乳美女の「 naked密着」と、鏡越しprprに溺れる至高のフィニッシュ体験記 #8/20,8/24,8/26",https://wakust.com/Risingnoboru/1754553/,多摩,2026-06-20 00:02,,,"8/20,8/24,8/26",3,6,54,167,3,3
2026-08-20 00:04:02,木,1817046,【8/23出勤】【Hカップ】【武蔵小杉】生のまま中出し解禁！美形細身巨乳美女の全裸密着と生本番NNフィニッシュ体験記 #8/23 #神奈川,https://wakust.com/Risingnoboru/1817046/,神奈川県,2026-08-12 00:00,,,8/23,7,45,,86,2,2
2026-08-20 00:04:02,木,1710842,"【8/22.25出勤】【Gカップ】【恵比寿】ゴマキ似ギャル美女と本番解禁！スレンダー巨乳に溺れる至高のGHR体験記 #8/22,8/25 #東京都内",https://wakust.com/Risingnoboru/1710842/,東京都,2026-05-15 00:02,,,"8/22,8/25",12,16,72,330,8,10
2026-08-20 00:04:02,木,1639998,【8/21出勤】【Kカップ】【銀座】揉みごたえ充分の巨乳は感度も抜群！ ふわふわおっ杯で濃厚密着PZ(パイズリ) #8/21 #東京都内,https://wakust.com/Risingnoboru/1639998/,東京都,2026-03-12 15:53,,,8/21,8,24,95,750,10,13
2026-08-20 00:04:02,木,1761550,【8/23出勤】【Gカップ】【中野】本番解禁！柏木由紀似OLと一緒に入る泡洗体に溺れる至高のGHR体験記 #8/23 #東京都内,https://wakust.com/Risingnoboru/1761550/,池袋,2026-06-27 00:03,,,8/23,1,5,27,74,1,1
2026-08-20 00:04:02,木,1762946,"【8/21.22.23出勤】【Hカップ】【横浜】170cmの48Kgスーパーモデル級美人のKP剥ぎ取り密着に狂う本番GHR体験記 #8/21,8/22,8/23 #神奈川",https://wakust.com/Risingnoboru/1762946/,神奈川県,2026-06-28 00:01,,,"8/21,8/22,8/23",1,8,51,110,2,2
2026-08-20 00:04:02,木,1677621,"【8/20.21出勤】【Gカップ】【浦和】禁断のモロ出し。Gカップ美女の「生乳PZ」と、吐息が重なる濃厚フィニッシュ体験記 #8/20,8/21 #埼玉",https://wakust.com/Risingnoboru/1677621/,埼玉県,2026-04-13 00:05,,,"8/20,8/21",1,16,48,377,1,1
2026-08-20 00:04:02,木,1822419,"【8/21.22.23出勤】【Jカップ】【新宿】神乳PZで絶頂！Jカップ美女MB密着と未体験の極圧パイズリ体験記 #8/21,8/22,8/23 #東京都内",https://wakust.com/Risingnoboru/1822419/,新宿,2026-08-18 00:00,,,"8/21,8/22,8/23",6,,,11,,
2026-08-20 00:04:02,木,1823553,"【8/20.22出勤】【Gカップ】【秋葉原】低身長ロリ巨乳美女と本番解禁！トップレス密着GHR体験記 #8/20,8/22 #東京都内",https://wakust.com/Risingnoboru/1823553/,東京都,2026-08-18 00:00,,,"8/20,8/22",22,,,39,,
2026-08-20 00:04:02,木,1663730,"【8/20.21出勤】【Gカップ】【新宿】現役AV女優と禁断の初回本番GHR！熟練タイ古式と爆乳に搾り取られる、新宿の至高フィニッシュ体験記！ #8/20,8/21 #東京都内",https://wakust.com/Risingnoboru/1663730/,新宿,2026-04-13 00:00,,,"8/20,8/21",,4,30,132,3,3
2026-08-20 00:04:02,木,1653899,"【8/20.21.24出勤】【Gカップ】【新宿】スレンダーな腰に「上向き巨乳」の奇跡…職場のマドンナ似との密着PZ(パイズリ) #8/20,8/21,8/24 #東京都内",https://wakust.com/Risingnoboru/1653899/,新宿,2026-03-23 19:51,,,"8/20,8/21,8/24",1,9,29,242,3,3
2026-08-20 00:04:02,木,1677586,【12/10出勤】【Gカップ】【大宮】初回本番解禁！新人美女の「初めてのin」と、重力に抗えない爆乳に溺れる。至高のGHRフィニッシュ体験記 #12/10 #埼玉,https://wakust.com/Risingnoboru/1677586/,埼玉県,2026-04-14 00:00,,,12/10,,12,23,212,1,1
2026-08-20 00:04:02,木,1656054,【8/23出勤】【Jカップ】【大宮】初回から至高の本番NS生挿入！視界を覆う爆乳スタンプ…合意の上で堕ちた締まりに悶絶体験記 #8/23 #埼玉,https://wakust.com/Risingnoboru/1656054/,埼玉県,2026-03-25 18:23,,,8/23,1,15,86,637,8,10
2026-08-20 00:04:02,木,1761543,【8/21出勤】【Eカップ】【中野】本番解禁！高身長Fカップ女子大生の「数の子天井ナカ出し」とSPPN密着に溺れる至高のGHR体験記 #8/21 #東京都内,https://wakust.com/Risingnoboru/1761543/,池袋,2026-06-27 00:03,,,"8/20,8/21",,13,48,120,1,1
2026-08-20 00:04:02,木,1667095,"【8/21.22.23出勤】【Fカップ】【関内】初回から理性が決壊する一線越え。本格派美女の「お口で装着」と名器の締め付けに溺れた至高のGHRフィニッシュ体験記 #8/21,8/22,8/23 #神奈川",https://wakust.com/Risingnoboru/1667095/,神奈川県,2026-04-05 00:08,,,"8/21,8/22,8/23",,30,110,634,13,17
2026-08-20 00:04:02,木,1639983,"【8/22.23出勤】【Gカップ】【中野】初回から巨乳ギャルのフルスロットルの寛容度。生Fからの「最後どうする？」で本番GHR。 #8/22,8/23 #東京都内",https://wakust.com/Risingnoboru/1639983/,池袋,2026-03-11 17:35,,,"8/22,8/23",,19,45,567,6,6
2026-08-20 00:04:02,木,1655202,"【8/21.22.24出勤】【Gカップ】【横浜】初回極上PZの衝撃！初回から弾力MAXのOPIスタンプと禁断の密着洗体…NPの誘惑に搾り取られるPZフィニッシュ #8/21,8/22,8/24 #神奈川",https://wakust.com/Risingnoboru/1655202/,神奈川県,2026-03-25 18:59,,,"8/21,8/22,8/24",2,18,39,475,5,5
2026-08-20 00:04:02,木,1655185,【8/22出勤】【Gカップ】【横浜】癒し系お姉さんの「隠しきれないHカップ」に悶絶！密着オイルから搾り取られる、至高のPZ(パイズリ)フィニッシュ体験記 #8/22 #神奈川,https://wakust.com/Risingnoboru/1655185/,神奈川県,2026-03-25 18:49,,,8/22,,19,72,619,5,5
2026-08-20 00:04:02,木,1655259,"【8/20.23出勤】【Eカップ】【新宿】至高のPZで悶絶！柔らか巨乳の密着スタンプと「もう1回できる？」と囁かれる悦楽 #8/20,8/23 #東京都内",https://wakust.com/Risingnoboru/1655259/,新宿,2026-03-24 20:19,,,"8/20,8/23",,6,22,170,2,2
2026-08-20 00:04:02,木,1822402,【8/19出勤】【Gカップ】【登戸】色白小顔ギャル美女と本番解禁！一緒シャワー全裸密着GHR体験記,https://wakust.com/Risingnoboru/1822402/,多摩,2026-08-17 00:00,,,,7,,,14,,
2026-08-20 00:04:02,木,1822409,【8/18出勤】【Fカップ】【恵比寿】神乳綺麗系お姉さんのMB密着と至高のパイズリ体験記 #東京都内,https://wakust.com/Risingnoboru/1822409/,東京都,2026-08-17 00:00,,,,4,,,35,1,1
2026-08-20 00:04:02,木,1821353,【8/22出勤】【Fカップ】【渋谷】モデル級スレンダー巨乳美女と本番解禁！顔面胸乗せ密着GHR体験記 #8/22 #東京都内,https://wakust.com/Risingnoboru/1821353/,東京都,2026-08-17 00:00,,,8/22,9,,,31,2,2
2026-08-20 00:04:02,木,1662532,【8/16出勤】【Hカップ】【吉祥寺】クラスの可愛い子と「恋人気分」！水袋のような弾力のHカップで搾り取られる、至高のPZ(パイズリ)フィニッシュ体験記！,https://wakust.com/Risingnoboru/1662532/,多摩,2026-04-02 17:20,,,,,6,6,125,1,1
2026-08-20 00:04:02,木,1656126,【8/22出勤】【Gカップ】【大宮】「ムチふわ爆乳」の誘惑…おっぱいスタンプから搾り取られる、至高のPZ(パイズリ)フィニッシュ体験記！,https://wakust.com/Risingnoboru/1656126/,埼玉県,2026-03-28 16:39,,,,,5,18,148,1,1
2026-08-20 00:04:02,木,1788175,"【8/22.23出勤】【Fカップ】【練馬】本番解禁！YouTuberかすちゃん似美女のおっぱい密着に狂うGHR体験記 #8/22,8/23 #東京都内",https://wakust.com/Risingnoboru/1788175/,池袋,2026-07-19 00:00,,,"8/22,8/23",,21,42,88,2,2
2026-08-20 00:04:02,木,1820244,【8/23出勤】【Fカップ】【国分寺】美くびれ巨乳美女と本番解禁！長い爪フェザー密着GHR体験記 #8/23,https://wakust.com/Risingnoboru/1820244/,多摩,2026-08-15 00:00,,,8/23,3,24,,68,4,4
2026-08-20 00:04:02,木,1710833,"【8/21.22.23出勤】【Fカップ】【中目黒】清楚系美女の溢れるFカップ爆乳に溺れる至高の本番GHR体験記 #8/21,8/22,8/23 #東京都内",https://wakust.com/Risingnoboru/1710833/,東京都,2026-05-15 00:02,,,"8/21,8/22,8/23",1,16,45,198,8,9
2026-08-20 00:04:02,木,1761541,"【8/21.22.23出勤】【Gカップ】【品川】驚愕の神乳PZ！清楚系お姉さんの「naked密着」と、ゼロ距離奉仕に理性が溶ける体験記 #8/21,8/22,8/23 #東京都内",https://wakust.com/Risingnoboru/1761541/,東京都,2026-06-27 00:02,,,"8/21,8/22,8/23",,30,59,163,7,7
2026-08-20 00:04:02,木,1668292,"【8/22.23出勤】【Iカップ】【新宿】爆乳解禁。清楚系アイドル美女の「生乳PZ」と、理性を奪う中出し。至高のフィニッシュ体験記 #8/22,8/23 #東京都内",https://wakust.com/Risingnoboru/1668292/,新宿,2026-04-07 00:03,,,"8/22,8/23",,14,37,201,3,3
2026-08-20 00:04:02,木,1653925,"【8/20.21.22出勤】【Fカップ】【新宿】初回から現役JDと濃厚DK＆生本番級GHR！スベスベ美肌の妹系美女と溺れる超密着PZの衝撃！#本日出勤 #8/20,8/21,8/22 #東京都内",https://wakust.com/Risingnoboru/1653925/,新宿,2026-03-23 19:38,,,"8/20,8/21,8/22",1,10,51,335,6,6
2026-08-20 00:04:02,木,1667110,"【8/21.23出勤】【Fカップ】【武蔵小杉】境界線を超えた密着。グラビア級美女の「おっとり吐息」と名器に溺れる、至高の初回本番GHRフィニッシュ体験記 #8/21,8/23 #神奈川",https://wakust.com/Risingnoboru/1667110/,神奈川県,2026-04-05 00:20,,,"8/21,8/23",1,18,62,311,4,4
2026-08-20 00:04:02,木,1683671,"【8/20.22.23出勤】【Eカップ】【大宮】AV女優黒川すみれ似美女の「生乳PZ」と、Sっ気溢れる言葉責めに溺れる至高の体験記 #8/20,8/22,8/23 #埼玉",https://wakust.com/Risingnoboru/1683671/,埼玉県,2026-04-18 00:08,,,"8/20,8/22,8/23",,11,30,228,1,1
2026-08-20 00:04:02,木,1821346,【8/20出勤】【Fカップ】【渋谷】神乳美女の紐MB密着と至高のパイズリ体験記 #8/20 #東京都内,https://wakust.com/Risingnoboru/1821346/,東京都,2026-08-16 00:00,,,8/20,2,12,,38,,
2026-08-20 00:04:02,木,1820251,【8/23出勤】【Hカップ】【恵比寿】巨乳大学生美女と本番解禁！MB密着GHR体験記 #8/23 #東京都内,https://wakust.com/Risingnoboru/1820251/,東京都,2026-08-16 00:00,,,8/23,1,26,,48,2,2
2026-08-20 00:04:02,木,1683650,【8/20出勤】【Hカップ】【浦和】NN解禁！爆乳美女への「生挿入中出し」と溢れるデカ尻に溺れる至高の体験記 #8/20 #埼玉,https://wakust.com/Risingnoboru/1683650/,埼玉県,2026-04-18 00:03,,,8/20,2,25,63,458,9,11
2026-08-20 00:04:02,木,1683635,"【8/20.21.22出勤】【Eカップ】【登戸/溝の口】色白スレンダー美女の「超絶NF奉仕」と、上に跨り繋がる至高のGHR体験記 #8/20,8/21,8/22",https://wakust.com/Risingnoboru/1683635/,多摩,2026-04-18 00:07,,,"8/20,8/21,8/22",3,11,63,315,4,4
2026-08-20 00:04:02,木,1762949,【8/23出勤出勤】【Gカップ】【本厚木】HP通り可愛い美女のと一緒に入る泡洗体に溺れる至高の本番GHR体験記 #8/23 #神奈川,https://wakust.com/Risingnoboru/1762949/,神奈川県,2026-06-28 00:01,,,8/23,3,30,118,324,15,19
2026-08-20 00:04:02,木,1817000,"【8/20.21.22出勤】【Eカップ】【笹塚】爆乳美女の無課金生外だしと全裸お触り密着に狂う体験記 #8/20,8/21,8/22 #東京都内",https://wakust.com/Risingnoboru/1817000/,東京都,2026-08-15 00:00,,,"8/20,8/21,8/22",1,30,,43,,
2026-08-20 00:04:02,木,1820247,【8/19出勤】【Hカップ】【新宿】グラマラス爆乳美女と本番解禁！TL密着GHR体験記 #8/19 #東京都内,https://wakust.com/Risingnoboru/1820247/,新宿,2026-08-15 00:00,,,,1,7,,13,,
2026-08-20 00:04:02,木,1656086,"【12/8.27出勤】【Iカップ】【大宮】神スタイルと初回NSの悦楽！AI超えの美体と堕ちる「生の温もり」…2回戦連続フィニッシュ #12/8,12/27 #埼玉",https://wakust.com/Risingnoboru/1656086/,埼玉県,2026-03-30 16:07,,,"12/8,12/27",,14,37,474,6,7
2026-08-20 00:04:02,木,1708502,"【8/21.23.24出勤】【Gカップ】【新宿】本番解禁！白川理桜似のGカップ美女と「密着中出し」。理性を焼き切る至高のGHR体験記 #8/21,8/23,8/24 #東京都内",https://wakust.com/Risingnoboru/1708502/,新宿,2026-05-11 00:01,,,"8/21,8/23,8/24",,4,14,69,1,1
2026-08-20 00:04:02,木,1788157,"【8/20.21.22出勤】【Gカップ】【吉祥寺】本番解禁！HP通り美人なムッチリ巨乳と密着69に理性が溶けるGHR体験記 #8/20,8/21,8/22",https://wakust.com/Risingnoboru/1788157/,多摩,2026-07-19 00:00,,,"8/20,8/21,8/22",1,5,26,38,,
2026-08-20 00:04:02,木,1761532,"【8/20.21.22出勤】【Gカップ】【渋谷】本番解禁！現役女子大生のとSPPNで絡み合う至高のGHR体験記 #8/20,8/21,8/22 #東京都内",https://wakust.com/Risingnoboru/1761532/,東京都,2026-06-27 00:02,,,"8/21,8/22",1,12,33,111,3,3
2026-08-20 00:04:02,木,1683683,"【8/21.22.24出勤】【Gカップ】【横浜】洗体アシストで悶絶。巨乳美女の「生乳PZ」と、密着バックご奉仕に溺れる至高のフィニッシュ体験記 #8/21,8/22,8/24 #神奈川",https://wakust.com/Risingnoboru/1683683/,神奈川県,2026-04-20 00:11,,,"8/21,8/22,8/24",1,12,35,286,4,4
2026-08-20 00:04:02,木,1662507,"【8/20.21.23出勤】【Gカップ】【五反田】金額交渉なしの神展開！「今日は特別だよ…♥」と囁かれ、生の温もりに溺れた至高の初回生挿入NS体験記！ #8/20,8/21,8/23 #東京都内",https://wakust.com/Risingnoboru/1662507/,東京都,2026-04-01 16:30,,,"8/20,8/21,8/23",,12,52,413,4,4
2026-08-20 00:04:02,木,1673756,"【8/21.23出勤】【Fカップ】【大宮】爆乳解禁！追加なしの極上PZ。至高の肉感と密着ハグに溺れるパイズリフィニッシュ体験記 #8/21,8/23 #埼玉",https://wakust.com/Risingnoboru/1673756/,埼玉県,2026-04-11 00:00,,,"8/21,8/23",,8,25,209,3,3
2026-08-20 00:04:02,木,1817022,"【8/21.22出勤】【Fカップ】【新宿】池田エライザ似ハーフ美女のTL密着と至高のPZフィニッシュ体験記 #8/21,8/22 #東京都内",https://wakust.com/Risingnoboru/1817022/,新宿,2026-08-13 00:00,,,"8/21,8/22",,12,,13,1,1
2026-08-20 00:04:02,木,1817029,【8/20出勤】【Fカップ】【赤坂】ツルスベ巨乳美女のSPPN全裸密着と怒涛のPZフィニッシュ体験記 #8/20 #東京都内,https://wakust.com/Risingnoboru/1817029/,東京都,2026-08-13 00:00,,,8/20,1,38,,52,3,3
2026-08-20 00:04:02,木,1683630,"【8/21.23出勤】【Fカップ】【荻窪】22歳Fカップ美女の「名器の締め付け」と爆乳密着に溺れる至高の初回GHRフィニッシュ体験記 #8/21,8/23",https://wakust.com/Risingnoboru/1683630/,多摩,2026-04-19 00:05,,,"8/21,8/23",,9,26,204,1,1
2026-08-20 00:04:02,木,1802007,"【8/21.23出勤】【Fカップ】【中野】現役学生の高身長童顔美女と楽しむ至高の本番GHR体験記 #8/21,8/23 #東京都内",https://wakust.com/Risingnoboru/1802007/,池袋,2026-08-01 00:00,,,"8/21,8/23",,3,,19,,
2026-08-20 00:04:02,木,1771375,"【8/20.23出勤】【Gカップ】【恵比寿】天然Gカップ美女のとZNR洗体に溺れる至高のGHR体験記 #8/20,8/23 #東京都内",https://wakust.com/Risingnoboru/1771375/,池袋,2026-07-07 00:01,,,"8/20,8/23",,6,21,37,,
2026-08-20 00:04:02,木,1656118,"【8/21.22出勤】【Gカップ】【大宮】初回から巨乳MBのPZ多幸感！密着オイルで理性を溶かし、巨大な肉圧で搾り取られる至高の快楽 #8/21,8/22 #埼玉",https://wakust.com/Risingnoboru/1656118/,埼玉県,2026-03-25 19:30,,,"8/21,8/22",,2,14,221,3,3
2026-08-20 00:04:02,木,1817039,【8/18出勤】【Iカップ】【本厚木】爆乳美女と無課金本番解禁！紙パンツ脱ぎ捨てトロ顔GHR体験記,https://wakust.com/Risingnoboru/1817039/,神奈川県,2026-08-12 00:00,,,,2,58,,92,4,4
2026-08-20 00:04:02,木,1817043,【8/21出勤】【Jカップ】【藤沢】天然Jカップ巨乳美女がキャミ脱ぎ捨てからの本番GHR体験記 #8/21 #神奈川,https://wakust.com/Risingnoboru/1817043/,神奈川県,2026-08-12 00:00,,,8/21,3,35,,52,,
2026-08-20 00:04:02,木,1817008,"【8/20.22.23出勤】【Iカップ】【新宿】神乳PZで絶頂！ハーフ系二重美女の爆乳パイズリと至高の密着体験記 #8/20,8/22,8/23 #東京都内",https://wakust.com/Risingnoboru/1817008/,新宿,2026-08-12 00:00,,,"8/20,8/22,8/23",1,13,,21,,
2026-08-20 00:04:02,木,1817004,"【8/20.21.22出勤】【Gカップ】【新宿】むちむち可愛い系美女のマイクロビキニ密着と神乳PZフィニッシュ体験記 #8/20,8/21,8/22 #東京都内",https://wakust.com/Risingnoboru/1817004/,新宿,2026-08-12 00:00,,,"8/20,8/21,8/22",,10,,10,,
2026-08-20 00:04:02,木,1656274,"【8/21.22.26出勤】【Fカップ】【登戸】溢れる巨乳Gカップの衝撃！密着オイル攻めから交渉で堕ちた、至高の「生感覚」本番GHRフィニッシュ体験記！ #8/21,8/22,8/26",https://wakust.com/Risingnoboru/1656274/,多摩,2026-03-25 19:43,,,"8/21,8/22,8/26",1,,28,247,1,1
2026-08-20 00:04:02,木,1780536,"【8/22.23出勤】【Gカップ】【多摩】生ハメNNで絶頂！小顔グラマラス美女の超密着ヌルヌル本番と至高の体験記 #8/22,8/23",https://wakust.com/Risingnoboru/1780536/,多摩,2026-07-17 00:01,,,"8/22,8/23",,5,53,88,3,3
2026-08-20 00:04:02,木,1663647,"【8/20.22出勤】【Fカップ】【新宿】新宿の現役学生と初回「生in」中出し！スレンダー美女の絶景と吐息に溺れる至高のフィニッシュ体験記！ #8/20,8/22 #東京都内",https://wakust.com/Risingnoboru/1663647/,新宿,2026-04-01 17:27,,,"8/20,8/22",,1,17,81,2,2
2026-08-20 00:04:02,木,1797240,【8/19出勤】【Iカップ】【溝の口】ぱるる系清楚アイドルと本番解禁！新人美巨乳密着に狂うGHR体験記 #8/19,https://wakust.com/Risingnoboru/1797240/,多摩,2026-07-27 00:00,,,,1,2,19,35,,
2026-08-20 00:04:02,木,1808348,【8/22出勤】【Hカップ】【秋葉原】 #8/22 #東京都内,https://wakust.com/Risingnoboru/1808348/,東京都,2026-08-07 00:00,,,8/22,,5,,33,,
2026-08-20 00:04:02,木,1662490,"【8/21.23.24出勤】【Lカップ】【秋葉原】視界を覆う「おっぱいスタンプ」から搾り取られるPZ(パイズリ)フィニッシュ体験記！水袋のような超軟乳の至高のPZ(パイズリ)の衝撃！ #8/21,8/23,8/24 #東京都内",https://wakust.com/Risingnoboru/1662490/,東京都,2026-04-02 17:18,,,"8/21,8/23,8/24",3,6,38,555,4,4
2026-08-20 00:04:02,木,1802001,【8/6出勤】【Kカップ】【池袋】Kカップお姉さん美女のMB密着と爆乳PZフィニッシュ体験記 #東京都内,https://wakust.com/Risingnoboru/1802001/,池袋,2026-08-01 00:00,,,,,4,,51,2,2
2026-08-20 00:04:02,木,1664794,【8/13出勤】【Gカップ】【横浜】初回から理性が決壊する一線越え。Gカップ美女の吐息と「名器の締め付け」に溺れた至高のGHRフィニッシュ体験記,https://wakust.com/Risingnoboru/1664794/,神奈川県,2026-04-03 00:06,,,,,3,17,196,3,3
2026-08-20 00:04:02,木,1789466,"【8/21.22.23出勤】【Hカップ】【海老名】本番解禁！Fカップおっとり美人と生まれたて全裸密着に狂うGHR体験記 #8/21,8/22,8/23 #神奈川",https://wakust.com/Risingnoboru/1789466/,神奈川県,2026-07-20 00:00,,,"8/21,8/22,8/23",,7,49,78,3,3
2026-08-20 00:04:02,木,1642194,"【8/20.24.25出勤】【Fカップ】【登戸】街で二度見する爆美女と「密着シャワー」の悦楽…初回から奥地まで咥え込む濃厚Fで昇天！ #8/20,8/24,8/25",https://wakust.com/Risingnoboru/1642194/,多摩,2026-03-13 16:52,,,"8/20,8/24,8/25",2,3,38,278,3,3
2026-08-20 00:04:02,木,1806934,【8/5出勤】【Hカップ】【西麻布】本番NS解禁！長身スレンダー美女の四つん這い紙パンツちぎりに狂う体験記 #東京都内,https://wakust.com/Risingnoboru/1806934/,東京都,2026-08-05 00:00,,,,1,2,,23,,
2026-08-20 00:04:02,木,1806911,"【8/21.22.23出勤】【Eカップ】【新宿】ピンク髪スレンダー美女の丸出し密着に狂うGHR体験記 #8/21,8/22,8/23 #東京都内",https://wakust.com/Risingnoboru/1806911/,新宿,2026-08-05 00:00,,,"8/21,8/22,8/23",,2,,11,,
2026-08-20 00:04:02,木,1806940,"【8/20.21.23出勤】【Hカップ】【新宿】グラマラス爆乳美女と膝上乗っかり密着に狂う本番GHR体験記 #8/20,8/21,8/23 #東京都内",https://wakust.com/Risingnoboru/1806940/,新宿,2026-08-05 00:00,,,"8/20,8/21,8/23",,4,,20,,
2026-08-20 00:04:02,木,1771377,"【8/20.21出勤】【Iカップ】【秋葉原】爆乳美女のおっぱいポロン密着に狂う本番GHR体験記 #8/20,8/21 #東京都内",https://wakust.com/Risingnoboru/1771377/,東京都,2026-07-06 00:01,,,"8/20,8/21",1,5,48,71,1,1
2026-08-20 00:04:02,木,1662519,【8/23出勤】【Iカップ】【北千住】爆乳と「爆裂美尻」の衝撃！理性を溶かす密着オイルから、生の熱量に溺れた至高の初回本番HR体験記！ #8/23 #東京都内,https://wakust.com/Risingnoboru/1662519/,東京都,2026-04-04 16:57,,,8/23,,6,80,331,7,8
2026-08-20 00:04:02,木,1668882,【8/20出勤】【Gカップ】【錦糸町】初回本番解禁！ムチムチ美女の「名器の締め付け」と、MBから溢れる巨乳に溺れる。至高のGHRフィニッシュ体験記 #8/20 #東京都内,https://wakust.com/Risingnoboru/1668882/,東京都,2026-04-06 00:04,,,8/20,2,2,65,482,9,11
2026-08-20 00:04:02,木,1651197,"【8/22.23出勤】【Hカップ】【中野】「手でやらなきゃいいでしょ？」可愛い顔してPZ(パイズリ)で翻弄する小悪魔系美女 #8/22,8/23 #東京都内",https://wakust.com/Risingnoboru/1651197/,東京都,2026-03-21 11:34,,,"8/22,8/23",,4,26,184,2,2
2026-08-20 00:04:02,木,1656077,【8/23出勤】【Iカップ】【大宮】おわん型巨乳の重圧と「生」の温もり…感度抜群の地雷系美女と堕ちる、衝撃の初回本番NSフィニッシュ！ #8/23 #埼玉,https://wakust.com/Risingnoboru/1656077/,埼玉県,2026-03-26 15:57,,,8/23,,2,12,176,1,1
2026-08-20 00:04:02,木,1667126,"【8/21.22出勤】【Gカップ】【武蔵小杉】ニコル似Iカップ美女の初回本番「生in」。至高のNSフィニッシュ体験記 #8/21,8/22 #神奈川",https://wakust.com/Risingnoboru/1667126/,神奈川県,2026-04-11 00:05,,,"8/21,8/22",,4,11,149,2,2
2026-08-20 00:04:02,木,1663765,【8/20出勤】【Hカップ】【新宿】初回中出しNN解禁！沖縄出身ギャルと生in。至高の美ボディと「密着中出し」に溺れる、新宿の禁断生挿入フィニッシュ体験記 #8/20 #東京都内,https://wakust.com/Risingnoboru/1663765/,新宿,2026-04-05 00:00,,,8/20,,,23,132,4,4
2026-08-20 00:04:02,木,1802005,【8/5出勤】【Gカップ】【銀座】人生イチ綺麗なGカップ！福岡美人によるツバ垂らしPZとSPPN密着体験記 #東京都内,https://wakust.com/Risingnoboru/1802005/,東京都,2026-08-01 00:00,,,,,2,,34,1,1
2026-08-20 00:04:02,木,1677614,【7/31出勤】【Fカップ】【浦和】低身長巨乳と密着。色白美肌美女の「生乳PZ」と、耳元への吐息に溺れる至高のフィニッシュ体験記,https://wakust.com/Risingnoboru/1677614/,埼玉県,2026-04-14 00:04,,,,,,51,224,3,3
2026-08-20 00:04:02,木,1762969,【8/21出勤】【Gカップ】【横浜】神乳PZで絶頂！Gカップアイドル顔美女のマイクロビキニポロリと至高のフィニッシュ体験記 #8/21 #神奈川,https://wakust.com/Risingnoboru/1762969/,神奈川県,2026-06-28 00:03,,,8/21,2,,41,94,1,1
2026-08-20 00:04:02,木,1598368,【8/18出勤】【Iカップ】【秋葉原】焦らしの美学に完敗！プロの脚本で堕ちる「鏡越しの背徳ANR」と至福のPZ(パイズリ)フィニッシュ #東京都内,https://wakust.com/Risingnoboru/1598368/,東京都,2026-02-04 15:07,,,,,3,85,610,4,4
2026-08-20 00:04:02,木,1797226,"【8/21.23出勤】【Fカップ】【北千住】ギャル系美人の無課金GHR！紙パンツなし超密着に狂う至高の体験記 #8/21,8/23 #東京都内",https://wakust.com/Risingnoboru/1797226/,東京都,2026-07-28 00:00,,,"8/21,8/23",1,6,28,78,,
2026-08-20 00:04:02,木,1797257,"【8/23.26.27出勤】【Hカップ】【恵比寿】神乳PZで絶頂！小柄可愛い巨乳美女の極上マイクロビキニ密着と至高のフィニッシュ体験記 #8/23,8/26,8/27 #東京都内",https://wakust.com/Risingnoboru/1797257/,東京都,2026-07-27 00:00,,,"8/23,8/26,8/27",1,6,31,57,1,1
2026-08-20 00:04:02,木,1797247,【8/20出勤】【Hカップ】【三軒茶屋】天然Gカップロリ体型美女と本番！ふわふわマシュマロ密着に狂うGHR体験記 #8/20 #神奈川,https://wakust.com/Risingnoboru/1797247/,神奈川県,2026-07-26 00:00,,,,,,,1,,
2026-08-20 00:04:02,木,1780542,"【8/20.21.22出勤】【Hカップ】【新宿】神乳PZで絶頂！天然Hカップ美女の透けビキニ密着と至高のフィニッシュ体験記 #8/20,8/21,8/22 #東京都内",https://wakust.com/Risingnoboru/1780542/,新宿,2026-07-13 00:00,,,"8/20,8/21,8/22",,7,29,47,1,1
2026-08-20 00:04:02,木,1654034,【8/22出勤】【Fカップ】【武蔵小杉】有村架純似の可憐な美女と溺れる「主導権剥奪」の100分…最後は理性を超える初回本番GHRフィニッシュ！ #8/22 #神奈川,https://wakust.com/Risingnoboru/1654034/,神奈川県,2026-03-26 20:04,,,8/22,3,4,46,213,5,5
2026-08-20 00:04:02,木,1708856,"【8/20.22出勤】【Dカップ】【麻布】清楚系美女の本番とMBからはみ出す両CKBに溺れる至高のGHR体験記 #8/20,8/22 #東京都内",https://wakust.com/Risingnoboru/1708856/,東京都,2026-05-14 00:00,,,"8/20,8/22",,2,11,73,,
2026-08-20 00:04:02,木,1642392,"【8/21.26.27出勤】【Gカップ】【秋葉原】甘えたがり必見!!高身長Hカプお姉さんのお◯ぱい密着天国からのPZ(パイズリ)フィニッシュ！ #8/21,8/26,8/27 #東京都内",https://wakust.com/Risingnoboru/1642392/,東京都,2026-03-14 10:40,,,"8/21,8/26,8/27",,2,24,257,2,2
2026-08-20 00:04:02,木,1755449,"【8/22.23出勤】【Hカップ】【五反田】伝説級の超マシュマロ巨乳PZ！漫画スタイルの爆乳に溺れる至高のフィニッシュ体験記 #8/22,8/23 #東京都内",https://wakust.com/Risingnoboru/1755449/,東京都,2026-06-21 00:01,,,"8/22,8/23",1,3,62,194,1,1
2026-08-20 00:04:02,木,1662528,"【8/20.22.23出勤】【Gカップ】【新宿】金額交渉で堕ちる「生の温もり」！密着オイルから不意打ちの絶品F、そして衝撃の初回本番HRフィニッシュへ！ #8/20,8/22,8/23 #東京都内",https://wakust.com/Risingnoboru/1662528/,新宿,2026-04-02 17:13,,,"8/20,8/22,8/23",1,2,3,55,,
2026-08-20 00:04:02,木,1788140,"【8/20.21.22出勤】【Fカップ】【恵比寿】本番解禁！パネマジなし綺麗系美女の天然巨乳に溺れる至高のGHR体験記 #8/20,8/21,8/22 #東京都内",https://wakust.com/Risingnoboru/1788140/,東京都,2026-07-19 00:00,,,"8/20,8/21,8/22",,1,29,39,1,1
2026-08-20 00:04:02,木,1662554,"【8/21.23出勤】【Gカップ】【中野】高身長スレンダー×天然ロケットπ開始30分で理性が決壊！細身の体に宿る巨乳の衝撃と、禁断の初回NSフィニッシュ体験記！ #8/21,8/23 #東京都内",https://wakust.com/Risingnoboru/1662554/,東京都,2026-03-31 17:47,,,"8/21,8/23",,4,16,169,1,1
2026-08-20 00:04:02,木,1764682,"【8/21.22出勤】【Gカップ】【 大宮】Gカップ美女のMBはみ出し密着と至高のPZパイズリフィニッシュ体験記 #8/21,8/22 #埼玉",https://wakust.com/Risingnoboru/1764682/,埼玉県,2026-06-30 00:01,,,"8/21,8/22",,3,42,78,1,1
2026-08-20 00:04:02,木,1599734,"【8/20.22.23出勤】【Gカップ】【新宿】初回で合体まで至った至福の本番HR体験記「このGカップ、本物だ…」若さ弾ける爆乳美女の神対応。 #8/20,8/22,8/23 #東京都内",https://wakust.com/Risingnoboru/1599734/,新宿,2026-02-05 15:57,,,"8/20,8/22,8/23",,,15,181,2,2
2026-08-20 00:04:02,木,1655143,【8/17出勤】【Fカップ】【横浜】隠れ家で堕ちる「脱衣プレイ」とNBRの誘惑…至近距離で見つめられ搾り取られる極上PZ(パイズリ)の衝撃！,https://wakust.com/Risingnoboru/1655143/,神奈川県,2026-03-25 18:15,,,,3,11,23,185,3,3
2026-08-20 00:04:02,木,1678808,【7/4出勤】【Fカップ】【船橋】生挿入NN解禁！爆乳美女と「唾液NF」に溺れる、至高のフィニッシュ体験記 #千葉,https://wakust.com/Risingnoboru/1678808/,未分類,2026-04-16 00:06,,,,,,,,10,12
2026-08-20 00:04:02,木,1678781,【7/4出勤】【Gカップ】【船橋】生乳爆乳PZ解禁。色白美肌美女と悪戯な囁きに溺れる至高のフィニッシュ体験記 #千葉,https://wakust.com/Risingnoboru/1678781/,千葉県,2026-04-13 18:45,,,,,,26,250,4,4
2026-08-20 00:04:02,木,1708852,【8/21出勤】【Fカップ】【麻布】NN解禁！クール系美女の「生挿入中出し」と、神スタイルに溺れる至高のフィニッシュ体験記 #8/21 #東京都内,https://wakust.com/Risingnoboru/1708852/,東京都,2026-05-13 00:02,,,8/21,1,,15,70,1,1
2026-08-20 00:04:02,木,1653916,【8/22出勤】【Gカップ】【新宿】ロシア系クォーターの至高ボディ！爆揺れ巨乳に埋もれる「魔性の69」と絶品PZ(パイズリ)フィニッシュ #8/22 #東京都内,https://wakust.com/Risingnoboru/1653916/,新宿,2026-03-23 17:55,,,8/22,2,1,10,154,2,2
2026-08-20 00:04:02,木,1754547,"【8/24.26出勤】【Eカップ】【新宿】本番解禁！猫顔スレンダー美女の「名器中出し」と、関西弁の甘い誘惑に溺れる至高のGHR体験記 #8/24,8/26 #東京都内",https://wakust.com/Risingnoboru/1754547/,新宿,2026-06-22 00:02,,,"8/24,8/26",1,,7,50,1,1
2026-08-20 00:04:02,木,1650404,【8/23出勤】【Fカップ】【新宿】「特別コースですから…♥」橋本マナミ風お姉さんの透け衣装誘惑。ムチムチFカップと溶け合う初回PZ(パイズリ)による至福の夜 #8/23 #東京都内,https://wakust.com/Risingnoboru/1650404/,新宿,2026-03-20 16:36,,,8/23,,4,9,130,1,1
2026-08-20 00:04:02,木,1654061,【6/26出勤】【Fカップ】【相模大野】メジャーアイドル級美女と溺れる「KPなし」の密着洗体…最後はG着用で果てる禁断の絶頂本番HR体験！,https://wakust.com/Risingnoboru/1654061/,神奈川県,2026-03-23 20:21,,,,1,4,14,140,2,2
2026-08-20 00:04:02,木,1710810,"【8/20.21.24出勤】【Gカップ】【新宿】乃木坂系美女と密着本番HR。アニメ級の爆乳に溺れる、至高のGHRフィニッシュ体験記 #8/20,8/21,8/24 #東京都内",https://wakust.com/Risingnoboru/1710810/,新宿,2026-05-13 00:01,,,"8/20,8/21,8/24",,1,12,55,1,1
2026-08-20 00:04:02,木,1655253,"【8/21.22出勤】【Gカップ】【新宿】コスプレ級美女と堕ちる「禁断の本番」！溢れ出す爆乳おっぱいスタンプと、本番GHRの積極的な誘いに理性が溶ける至福の90分！ #8/21,8/22 #東京都内",https://wakust.com/Risingnoboru/1655253/,新宿,2026-03-24 20:05,,,"8/21,8/22",,,4,52,,
2026-08-20 00:04:02,木,1668275,【8/14出勤】【Fカップ】【新宿】九州出身セクシー美女の「おっとり吐息」と名器に溺れる、至高の初回本番GHRフィニッシュ体験記,https://wakust.com/Risingnoboru/1668275/,新宿,2026-04-08 00:06,,,,,,4,42,1,1
2026-08-20 00:04:02,木,1663737,"【8/20.22出勤】【Gカップ】【新宿】本番解禁！福原遥似の美少女とGHR。お椀型巨乳とヌルヌル密着オイルに溺れる至高のフィニッシュ体験記 #8/20,8/22 #東京都内",https://wakust.com/Risingnoboru/1663737/,新宿,2026-04-01 23:00,,,"8/20,8/22",,,11,46,,
2026-08-20 00:04:02,木,1657099,都内出勤カレンダー,https://wakust.com/Risingnoboru/1657099/,東京都,2026-03-26 12:43,,,,,10,32,425,,
2026-08-20 00:04:02,木,1657105,埼玉県(大宮)出勤カレンダー,https://wakust.com/Risingnoboru/1657105/,埼玉県,2026-03-26 12:46,,,,,1,12,182,,
2026-08-20 00:04:02,木,1657104,横浜周辺出勤カレンダー,https://wakust.com/Risingnoboru/1657104/,神奈川県,2026-03-26 12:46,,,,,1,10,154,,
2026-08-20 00:04:02,木,1657101,多摩(吉祥寺)周辺カレンダー,https://wakust.com/Risingnoboru/1657101/,多摩,2026-03-26 12:44,,,,2,1,10,147,,
2026-08-20 00:04:02,木,1648133,【4/3.5出勤】【Gカップ】【田町】【PZ】20歳のふわっふわH乳によるグラインドPZ(パイズリ)でSKR #東京都内,https://wakust.com/Risingnoboru/1648133/,東京都,2026-03-19 15:37,,,,,,5,94,2,2
2026-08-21 00:04:27,金,1823574,【8/21.23.25出勤】【Gカップ】【秋葉原】生挿入NS解禁！小顔くびれ美巨乳美女の生中出し濃厚DKS体験記,https://wakust.com/Risingnoboru/1823574/,東京都,2026-08-21 00:00,,,"8/21,8/23,8/25",,,,1,,
2026-08-21 00:04:27,金,1798245,"【8/21.22.23出勤】【Iカップ】【南流山/流山おおたかの森】爆乳JD美女と本番解禁！オイルパイ挟みに狂うGHR体験記 #8/21,8/22,8/23 #千葉",https://wakust.com/Risingnoboru/1798245/,千葉県,2026-07-31 00:00,,2026-08-20 17:07:49,"8/21,8/22,8/23",6,15,12,117,5,5
2026-08-21 00:04:27,金,1663765,【8/20出勤】【Hカップ】【新宿】初回中出しNN解禁！沖縄出身ギャルと生in。至高の美ボディと「密着中出し」に溺れる、新宿の禁断生挿入フィニッシュ体験記 #8/20 #本日出勤 #東京都内,https://wakust.com/Risingnoboru/1663765/,新宿,2026-04-05 00:00,,2026-08-20 00:07:28,,1,,23,133,4,4
2026-08-21 00:04:27,金,1668882,【8/20出勤】【Gカップ】【錦糸町】初回本番解禁！ムチムチ美女の「名器の締め付け」と、MBから溢れる巨乳に溺れる。至高のGHRフィニッシュ体験記 #8/20 #東京都内,https://wakust.com/Risingnoboru/1668882/,東京都,2026-04-06 00:04,,2026-08-20 00:07:21,,3,2,65,506,9,11
2026-08-21 00:04:27,金,1771375,【8/23出勤】【Gカップ】【恵比寿】天然Gカップ美女のとZNR洗体に溺れる至高のGHR体験記 #8/23 #東京都内,https://wakust.com/Risingnoboru/1771375/,池袋,2026-07-07 00:01,,2026-08-20 00:06:41,8/23,1,6,21,41,,
2026-08-21 00:04:27,金,1683683,"【8/21.22.24出勤】【Gカップ】【横浜】洗体アシストで悶絶。巨乳美女の「生乳PZ」と、密着バックご奉仕に溺れる至高のフィニッシュ体験記 #8/21,8/22,8/24 #神奈川",https://wakust.com/Risingnoboru/1683683/,神奈川県,2026-04-20 00:11,,2026-08-20 00:06:28,"8/21,8/22,8/24",,12,35,294,4,4
2026-08-21 00:04:27,金,1683635,"【8/21.22.24出勤】【Eカップ】【登戸/溝の口】色白スレンダー美女の「超絶NF奉仕」と、上に跨り繋がる至高のGHR体験記 #8/21,8/22,8/24",https://wakust.com/Risingnoboru/1683635/,多摩,2026-04-18 00:07,,2026-08-20 00:06:12,"8/21,8/22,8/24",1,11,63,318,4,4
2026-08-21 00:04:27,金,1683650,【8/26出勤】【Hカップ】【浦和】NN解禁！爆乳美女への「生挿入中出し」と溢れるデカ尻に溺れる至高の体験記 #8/26 #埼玉,https://wakust.com/Risingnoboru/1683650/,埼玉県,2026-04-18 00:03,,2026-08-20 00:06:10,8/26,2,25,63,464,9,11
2026-08-21 00:04:27,金,1667110,"【8/21.23出勤】【Fカップ】【武蔵小杉】境界線を超えた密着。グラビア級美女の「おっとり吐息」と名器に溺れる、至高の初回本番GHRフィニッシュ体験記 #8/21,8/23 #神奈川",https://wakust.com/Risingnoboru/1667110/,神奈川県,2026-04-05 00:20,,2026-08-20 00:06:03,"8/21,8/23",1,18,62,316,4,4
2026-08-21 00:04:27,金,1653925,"【8/21.22.23出勤】【Fカップ】【新宿】初回から現役JDと濃厚DK＆生本番級GHR！スベスベ美肌の妹系美女と溺れる超密着PZの衝撃！#本日出勤 #8/21,8/22,8/23 #東京都内",https://wakust.com/Risingnoboru/1653925/,新宿,2026-03-23 19:38,,2026-08-20 00:06:01,"8/21,8/22,8/23",1,10,51,337,6,6
2026-08-21 00:04:27,金,1655202,"【8/21.22.24出勤】【Gカップ】【横浜】初回極上PZの衝撃！初回から弾力MAXのOPIスタンプと禁断の密着洗体…NPの誘惑に搾り取られるPZフィニッシュ #8/21,8/22,8/24 #神奈川",https://wakust.com/Risingnoboru/1655202/,神奈川県,2026-03-25 18:59,,2026-08-20 00:05:36,"8/21,8/22,8/24",,18,39,477,5,5
2026-08-21 00:04:27,金,1667095,"【8/21.22.23出勤】【Fカップ】【関内】初回から理性が決壊する一線越え。本格派美女の「お口で装着」と名器の締め付けに溺れた至高のGHRフィニッシュ体験記 #8/21,8/22,8/23 #神奈川",https://wakust.com/Risingnoboru/1667095/,神奈川県,2026-04-05 00:08,,2026-08-20 00:05:32,"8/21,8/22,8/23",2,30,110,644,13,17
2026-08-21 00:04:27,金,1761543,【8/21出勤】【Eカップ】【中野】本番解禁！高身長Fカップ女子大生の「数の子天井ナカ出し」とSPPN密着に溺れる至高のGHR体験記 #8/21 #東京都内,https://wakust.com/Risingnoboru/1761543/,池袋,2026-06-27 00:03,,2026-08-20 00:05:30,8/21,1,13,48,128,1,1
2026-08-21 00:04:27,金,1677621,【8/21出勤】【Gカップ】【浦和】禁断のモロ出し。Gカップ美女の「生乳PZ」と、吐息が重なる濃厚フィニッシュ体験記 #8/21 #埼玉,https://wakust.com/Risingnoboru/1677621/,埼玉県,2026-04-13 00:05,,2026-08-20 00:05:17,8/21,2,16,48,382,1,1
2026-08-21 00:04:27,金,1798265,"【8/21.24.25出勤】【Hカップ】【流山おおたかの森】極上神乳PZで絶頂！過去一柔らかい天然Hカップ美女の超密着パイズリ体験記 #8/21,8/24,8/25 #千葉",https://wakust.com/Risingnoboru/1798265/,千葉県,2026-07-28 00:00,,2026-08-20 00:05:02,"8/21,8/24,8/25",2,19,40,146,3,3
2026-08-21 00:04:27,金,1663754,"【8/24.25.26出勤】【Gカップ】【新宿】初回から境界線を超えた超密着！JD美女と溶け合う「生感覚」の衝撃。極上本番HRフィニッシュ #8/24,8/25,8/26 #東京都内",https://wakust.com/Risingnoboru/1663754/,新宿,2026-04-03 17:11,,2026-08-20 00:04:58,"8/24,8/25,8/26",2,1,23,143,4,4
2026-08-21 00:04:27,金,1677604,【8/20出勤】【Fカップ】【赤羽】「アニメ声」たぬき顔美女と初回本番解禁！密着マッサージに溺れる至高のGHRフィニッシュ体験記 #8/20 #埼玉,https://wakust.com/Risingnoboru/1677604/,埼玉県,2026-04-13 00:05,,2026-08-20 00:04:48,8/26,3,18,97,543,7,8
2026-08-21 00:04:27,金,1656105,【8/20出勤】【Fカップ】【大宮】密着オイル攻めの果てに迎えた、衝撃の初回本番HRフィニッシュ！ #8/20 #埼玉,https://wakust.com/Risingnoboru/1656105/,埼玉県,2026-03-25 16:22,,2026-08-20 00:04:46,8/26,2,10,35,468,2,2
2026-08-21 00:04:27,金,1798255,"【8/21.22.23出勤】【Gカップ】【津田沼】むちむちボブ美女AN密着に狂う本番GHR体験記 #8/21,8/22,8/23 #千葉",https://wakust.com/Risingnoboru/1798255/,千葉県,2026-07-29 00:00,,2026-08-20 00:04:44,"8/21,8/22,8/23",4,49,22,151,2,2
2026-08-21 00:04:27,金,1710821,"【8/21.22出勤】【Gカップ】【新宿】元グラドルのH超え爆乳と「２回戦本番HR」に壊される、支配的な至高の体験記 #8/21,8/22 #東京都内",https://wakust.com/Risingnoboru/1710821/,新宿,2026-05-14 00:01,,2026-08-20 00:04:43,"8/21,8/22",4,15,102,322,9,10
2026-08-21 00:04:27,金,1656283,"【8/22.23.24出勤】【Fカップ】【調布】清楚な顔立ちに潜む、驚愕の「名器」と感度…理性が決壊する交渉の末、生の温もりに溺れた至高の初回本番HR体験記！ #8/22,8/23,8/24",https://wakust.com/Risingnoboru/1656283/,多摩,2026-04-02 17:20,,2026-08-20 00:04:41,"8/22,8/23,8/24",2,18,75,476,7,7
2026-08-21 00:04:27,金,1780559,"【8/21.22.23出勤】【Fカップ】【池袋】生ハメNNで絶頂！リアルアイドル顔美女の超濃厚ヌルヌル密着と至高のNN体験記 #8/21,8/22,8/23 #東京都内",https://wakust.com/Risingnoboru/1780559/,池袋,2026-07-13 00:01,,2026-08-20 00:04:37,"8/21,8/22,8/23",,18,65,137,5,5
2026-08-21 00:04:27,金,1656219,"【8/21.22.23出勤】【Fカップ】【吉祥寺】初回から濃厚PZ(パイズリ)から搾り取られる、至高の本番HRフィニッシュ！Gカップに溺れる「密着ソファー」の誘惑 #8/21,8/22,8/23",https://wakust.com/Risingnoboru/1656219/,多摩,2026-03-25 18:50,,2026-08-20 00:04:35,"8/21,8/22,8/23",3,19,61,437,8,9
2026-08-21 00:04:27,金,1754531,【8/20出勤】【Gカップ】【赤坂】驚愕の神乳PZ！林ゆめ似の超絶スレンダー巨乳と、ゼロ距離密着に理性が溶ける体験記 #8/20 #東京都内,https://wakust.com/Risingnoboru/1754531/,東京都,2026-06-20 00:02,,2026-08-20 00:04:33,,7,20,101,311,13,16
2026-08-21 00:04:27,金,1640011,【8/26出勤】【Gカップ】【池袋】池田エライザ似の爆乳美女と初回から「禁断の中出しNN合体」！深夜枠で溺れた、むっちりマシュマロボディの誘惑 #8/26 #東京都内,https://wakust.com/Risingnoboru/1640011/,池袋,2026-03-11 18:05,,2026-08-20 00:04:27,8/26,3,15,57,495,8,10
2026-08-21 00:04:27,金,1656212,"【8/21.22.23出勤】【Jカップ】【吉祥寺】視界を塞ぐ爆乳の壁！ソファーでの密着ハグから搾り取られる、至高のPZ(パイズリ)フィニッシュ体験記！ #8/21,8/22,8/23",https://wakust.com/Risingnoboru/1656212/,多摩,2026-03-25 18:44,,2026-08-20 00:04:25,"8/21,8/22,8/23",9,17,60,527,4,4
2026-08-21 00:04:27,金,1823563,【8/21出勤】【Gカップ】【秋葉原】19歳ハーフ系Gカップ美女と本番解禁！騎乗位密着GHR体験記 #8/20 #東京都内,https://wakust.com/Risingnoboru/1823563/,東京都,2026-08-20 00:00,,,8/21,,,,28,,
2026-08-21 00:04:27,金,1823572,【8/21出勤】【Hカップ】【秋葉原】生挿入NS解禁！色白グラマー巨乳美女と全裸密着NS体験記 #8/21 #東京都内,https://wakust.com/Risingnoboru/1823572/,東京都,2026-08-20 00:00,,,8/21,,,,18,,
2026-08-21 00:04:27,金,1662542,【8/19出勤】【Eカップ】【横浜】至福の初回NS生本番挿入！お腹への発射で締める、最高級の「パコ姫」ホスピタリティ体験記！ #神奈川,https://wakust.com/Risingnoboru/1662542/,神奈川県,2026-03-31 20:00,,,,1,1,19,176,2,2
2026-08-21 00:04:27,金,1601302,"【8/21.22.23出勤】【Hカップ】【恵比寿】初回から「ちゃんと着けるから、挿れてもいい？♥」淫らな聖女の逆指名。現役看護師と堕ちる、ヌルヌル密着の絶頂本番HR #8/21,8/22,8/23 #東京都内",https://wakust.com/Risingnoboru/1601302/,東京都,2026-02-07 00:01,,,"8/21,8/22,8/23",11,8,81,809,15,21
2026-08-21 00:04:27,金,1817054,【8/21出勤】【Fカップ】【武蔵小杉】本番解禁！たぬき顔美女の盛MN密着GHR体験記 #8/21 #神奈川,https://wakust.com/Risingnoboru/1817054/,神奈川県,2026-08-14 00:00,,,8/21,5,25,,59,2,2
2026-08-21 00:04:27,金,1656071,【8/26出勤】【Dカップ】【大宮】パフィーニップルの誘惑とSPPN密着！理性が吹き飛ぶ「NS生挿入」フィニッシュ体験記！ #8/26 #埼玉,https://wakust.com/Risingnoboru/1656071/,埼玉県,2026-03-25 15:41,,,8/26,4,14,35,395,5,5
2026-08-21 00:04:27,金,1653910,"【8/21.23.24出勤】【Fカップ】【新宿】お風呂屋超えの濃厚PZ(パイズリ)！Fカップ美乳嬢と溺れる「寸止め地獄」と「密着DKフィニッシュ」 #8/21,8/23,8/24 #東京都内",https://wakust.com/Risingnoboru/1653910/,新宿,2026-03-23 19:48,,,"8/21,8/23,8/24",2,9,32,193,2,2
2026-08-21 00:04:27,金,1597345,【8/22出勤】【Iカップ】【品川】高身長ムチムチ聖母の「生OPI」洗礼！SKSK衣装から溢れる爆乳PZ(パイズリ)体験記 #8/22 #東京都内,https://wakust.com/Risingnoboru/1597345/,東京都,2026-02-03 18:37,,,8/22,2,27,146,1014,8,9
2026-08-21 00:04:27,金,1794515,"【8/22.23出勤】【Jカップ】【大宮】地雷系むちむち美女本番解禁！トップレス密着に狂うGHR体験記 #8/22,8/23 #埼玉",https://wakust.com/Risingnoboru/1794515/,埼玉県,2026-07-25 00:01,,,"8/22,8/23",3,11,36,107,2,2
2026-08-21 00:04:27,金,1667106,【8/19出勤】【Fカップ】【厚木】初回で理性が決壊。有村架純似Fカップ美女の吐息と「ツルツル秘部」に溺れた至高の本番GHRフィニッシュ体験記,https://wakust.com/Risingnoboru/1667106/,神奈川県,2026-04-11 00:01,,,,8,16,70,359,11,13
2026-08-21 00:04:27,金,1623774,"【8/21.22.23出勤】【Jカップ】【池袋】「時間があるなら2回でもいいよ♥」初回からJカップ爆乳美女の神対応。無料パイズリPZの快感に溺れた、高身長元キャバ嬢との夜 #8/21,8/22,8/23 #東京都内",https://wakust.com/Risingnoboru/1623774/,池袋,2026-02-24 18:03,,,"8/21,8/22,8/23",2,37,137,981,8,10
2026-08-21 00:04:27,金,1651485,"【8/21.22.24出勤】【Gカップ】【登戸】初回から「ねぇ、もう一回しよ♥」極上Gカップに溺れる本番NS二回転フィニッシュ #8/21,8/22,8/24",https://wakust.com/Risingnoboru/1651485/,多摩,2026-03-21 17:24,,,"8/21,8/22,8/24",1,13,37,342,4,4
2026-08-21 00:04:27,金,1754540,"【8/21.22.25出勤】【Hカップ】【新宿】驚愕の爆乳PZ！清楚系色白スレンダー美女のゼロ距離密着と、脳がとろける至高の体験記 #8/21,8/22,8/25 #東京都内",https://wakust.com/Risingnoboru/1754540/,新宿,2026-06-20 00:01,,,"8/21,8/22,8/25",2,11,42,111,5,5
2026-08-21 00:04:27,金,1623796,【8/22出勤】【Fカップ】【中野】「あとで脱がせる方がERいでしょ♥」Fカップ清楚系セラピストと堕ちる、濃厚DK＆背徳の初回本番NS90分 #8/22 #東京都内,https://wakust.com/Risingnoboru/1623796/,池袋,2026-02-25 20:00,,,8/22,,6,37,351,1,1
2026-08-21 00:04:27,金,1762959,"【8/22.23出勤】【Fカップ】【綱島】神乳PZで絶頂！エロ可愛いムッチリ巨乳のマイクロビキニ密着と至高のフィニッシュ体験記 #8/22,8/23 #神奈川",https://wakust.com/Risingnoboru/1762959/,神奈川県,2026-06-28 00:01,,,"8/22,8/23",3,3,54,128,1,1
2026-08-21 00:04:27,金,1820272,【8/23出勤】【Jカップ】【秋葉原】爆乳ゆるふわ美女の神乳PZで絶頂！MB密着と顔面埋まり体験記 #8/23 #東京都内,https://wakust.com/Risingnoboru/1820272/,東京都,2026-08-19 00:00,,,"8/23,8/27",16,,,28,,
2026-08-21 00:04:27,金,1754553,"【8/24.26.27出勤】【Hカップ】【登戸】神乳PZで絶頂！細身巨乳美女の「 naked密着」と、鏡越しprprに溺れる至高のフィニッシュ体験記 #8/24,8/26,8/27",https://wakust.com/Risingnoboru/1754553/,多摩,2026-06-20 00:02,,,"8/24,8/26,8/27",2,6,54,167,3,3
2026-08-21 00:04:27,金,1817046,【8/23出勤】【Hカップ】【武蔵小杉】生のまま中出し解禁！美形細身巨乳美女の全裸密着と生本番NNフィニッシュ体験記 #8/23 #神奈川,https://wakust.com/Risingnoboru/1817046/,神奈川県,2026-08-12 00:00,,,8/23,1,45,,88,2,2
2026-08-21 00:04:27,金,1710842,"【8/22.25.27出勤】【Gカップ】【恵比寿】ゴマキ似ギャル美女と本番解禁！スレンダー巨乳に溺れる至高のGHR体験記 #8/22,8/25,8/27 #東京都内",https://wakust.com/Risingnoboru/1710842/,東京都,2026-05-15 00:02,,,"8/22,8/25,8/27",2,16,72,331,8,10
2026-08-21 00:04:27,金,1639998,【8/21出勤】【Kカップ】【銀座】揉みごたえ充分の巨乳は感度も抜群！ ふわふわおっ杯で濃厚密着PZ(パイズリ) #8/21 #東京都内,https://wakust.com/Risingnoboru/1639998/,東京都,2026-03-12 15:53,,,8/21,3,24,95,756,10,13
2026-08-21 00:04:27,金,1761550,【8/23出勤】【Gカップ】【中野】本番解禁！柏木由紀似OLと一緒に入る泡洗体に溺れる至高のGHR体験記 #8/23 #東京都内,https://wakust.com/Risingnoboru/1761550/,池袋,2026-06-27 00:03,,,8/23,2,5,27,75,1,1
2026-08-21 00:04:27,金,1762946,"【8/21.22.23出勤】【Hカップ】【横浜】170cmの48Kgスーパーモデル級美人のKP剥ぎ取り密着に狂う本番GHR体験記 #8/21,8/22,8/23 #神奈川",https://wakust.com/Risingnoboru/1762946/,神奈川県,2026-06-28 00:01,,,"8/21,8/22,8/23",2,8,51,110,2,2
2026-08-21 00:04:27,金,1822419,"【8/21.22.23出勤】【Jカップ】【新宿】神乳PZで絶頂！Jカップ美女MB密着と未体験の極圧パイズリ体験記 #8/21,8/22,8/23 #東京都内",https://wakust.com/Risingnoboru/1822419/,新宿,2026-08-18 00:00,,,"8/21,8/22,8/23",2,,,13,,
2026-08-21 00:04:27,金,1823553,【8/22出勤】【Gカップ】【秋葉原】低身長ロリ巨乳美女と本番解禁！トップレス密着GHR体験記 #8/22 #東京都内,https://wakust.com/Risingnoboru/1823553/,東京都,2026-08-18 00:00,,,8/22,6,,,49,,
2026-08-21 00:04:27,金,1663730,"【8/21.23.24出勤】【Gカップ】【新宿】現役AV女優と禁断の初回本番GHR！熟練タイ古式と爆乳に搾り取られる、新宿の至高フィニッシュ体験記！ #8/21,8/23,8/24 #東京都内",https://wakust.com/Risingnoboru/1663730/,新宿,2026-04-13 00:00,,,"8/21,8/23,8/24",,4,30,133,3,3
2026-08-21 00:04:27,金,1653899,"【8/21.24.26出勤】【Gカップ】【新宿】スレンダーな腰に「上向き巨乳」の奇跡…職場のマドンナ似との密着PZ(パイズリ) #8/21,8/24,8/26 #東京都内",https://wakust.com/Risingnoboru/1653899/,新宿,2026-03-23 19:51,,,"8/21,8/24,8/26",1,9,29,243,3,3
2026-08-21 00:04:27,金,1677586,【12/10出勤】【Gカップ】【大宮】初回本番解禁！新人美女の「初めてのin」と、重力に抗えない爆乳に溺れる。至高のGHRフィニッシュ体験記 #12/10 #埼玉,https://wakust.com/Risingnoboru/1677586/,埼玉県,2026-04-14 00:00,,,12/10,,12,23,212,1,1
2026-08-21 00:04:27,金,1656054,【8/23出勤】【Jカップ】【大宮】初回から至高の本番NS生挿入！視界を覆う爆乳スタンプ…合意の上で堕ちた締まりに悶絶体験記 #8/23 #埼玉,https://wakust.com/Risingnoboru/1656054/,埼玉県,2026-03-25 18:23,,,8/23,,15,86,638,8,10
2026-08-21 00:04:27,金,1639983,"【8/22.23出勤】【Gカップ】【中野】初回から巨乳ギャルのフルスロットルの寛容度。生Fからの「最後どうする？」で本番GHR。 #8/22,8/23 #東京都内",https://wakust.com/Risingnoboru/1639983/,池袋,2026-03-11 17:35,,,"8/22,8/23",,19,45,568,6,6
2026-08-21 00:04:27,金,1655185,【8/22出勤】【Gカップ】【横浜】癒し系お姉さんの「隠しきれないHカップ」に悶絶！密着オイルから搾り取られる、至高のPZ(パイズリ)フィニッシュ体験記 #8/22 #神奈川,https://wakust.com/Risingnoboru/1655185/,神奈川県,2026-03-25 18:49,,,8/22,,19,72,619,5,5
2026-08-21 00:04:27,金,1655259,【8/23出勤】【Eカップ】【新宿】至高のPZで悶絶！柔らか巨乳の密着スタンプと「もう1回できる？」と囁かれる悦楽 #8/23 #東京都内,https://wakust.com/Risingnoboru/1655259/,新宿,2026-03-24 20:19,,,8/23,1,6,22,171,2,2
2026-08-21 00:04:27,金,1822402,【8/19出勤】【Gカップ】【登戸】色白小顔ギャル美女と本番解禁！一緒シャワー全裸密着GHR体験記,https://wakust.com/Risingnoboru/1822402/,多摩,2026-08-17 00:00,,,,2,,,14,,
2026-08-21 00:04:27,金,1822409,【8/18出勤】【Fカップ】【恵比寿】神乳綺麗系お姉さんのMB密着と至高のパイズリ体験記 #東京都内,https://wakust.com/Risingnoboru/1822409/,東京都,2026-08-17 00:00,,,,1,,,37,1,1
2026-08-21 00:04:27,金,1821353,【8/22出勤】【Fカップ】【渋谷】モデル級スレンダー巨乳美女と本番解禁！顔面胸乗せ密着GHR体験記 #8/22 #東京都内,https://wakust.com/Risingnoboru/1821353/,東京都,2026-08-17 00:00,,,8/22,2,,,31,2,2
2026-08-21 00:04:27,金,1662532,【8/16出勤】【Hカップ】【吉祥寺】クラスの可愛い子と「恋人気分」！水袋のような弾力のHカップで搾り取られる、至高のPZ(パイズリ)フィニッシュ体験記！,https://wakust.com/Risingnoboru/1662532/,多摩,2026-04-02 17:20,,,,,6,6,125,1,1
2026-08-21 00:04:27,金,1656126,【8/22出勤】【Gカップ】【大宮】「ムチふわ爆乳」の誘惑…おっぱいスタンプから搾り取られる、至高のPZ(パイズリ)フィニッシュ体験記！,https://wakust.com/Risingnoboru/1656126/,埼玉県,2026-03-28 16:39,,,,,5,18,148,1,1
2026-08-21 00:04:27,金,1788175,"【8/22.23出勤】【Fカップ】【練馬】本番解禁！YouTuberかすちゃん似美女のおっぱい密着に狂うGHR体験記 #8/22,8/23 #東京都内",https://wakust.com/Risingnoboru/1788175/,池袋,2026-07-19 00:00,,,"8/22,8/23",,21,42,91,2,2
2026-08-21 00:04:27,金,1820244,【8/23出勤】【Fカップ】【国分寺】美くびれ巨乳美女と本番解禁！長い爪フェザー密着GHR体験記 #8/23,https://wakust.com/Risingnoboru/1820244/,多摩,2026-08-15 00:00,,,8/23,2,24,,75,4,4
2026-08-21 00:04:27,金,1710833,"【8/21.22.23出勤】【Fカップ】【中目黒】清楚系美女の溢れるFカップ爆乳に溺れる至高の本番GHR体験記 #8/21,8/22,8/23 #東京都内",https://wakust.com/Risingnoboru/1710833/,東京都,2026-05-15 00:02,,,"8/21,8/22,8/23",,16,45,199,9,10
2026-08-21 00:04:27,金,1761541,"【8/21.22.23出勤】【Gカップ】【品川】驚愕の神乳PZ！清楚系お姉さんの「naked密着」と、ゼロ距離奉仕に理性が溶ける体験記 #8/21,8/22,8/23 #東京都内",https://wakust.com/Risingnoboru/1761541/,東京都,2026-06-27 00:02,,,"8/21,8/22,8/23",1,30,59,164,7,7
2026-08-21 00:04:27,金,1668292,"【8/22.23出勤】【Iカップ】【新宿】爆乳解禁。清楚系アイドル美女の「生乳PZ」と、理性を奪う中出し。至高のフィニッシュ体験記 #8/22,8/23 #東京都内",https://wakust.com/Risingnoboru/1668292/,新宿,2026-04-07 00:03,,,"8/22,8/23",,14,37,201,3,3
2026-08-21 00:04:27,金,1683671,"【8/22.23出勤】【Eカップ】【大宮】AV女優黒川すみれ似美女の「生乳PZ」と、Sっ気溢れる言葉責めに溺れる至高の体験記 #8/22,8/23 #埼玉",https://wakust.com/Risingnoboru/1683671/,埼玉県,2026-04-18 00:08,,,"8/22,8/23",,11,30,228,1,1
2026-08-21 00:04:27,金,1821346,【8/20出勤】【Fカップ】【渋谷】神乳美女の紐MB密着と至高のパイズリ体験記 #8/20 #東京都内,https://wakust.com/Risingnoboru/1821346/,東京都,2026-08-16 00:00,,,,2,12,,41,,
2026-08-21 00:04:27,金,1820251,【8/23出勤】【Hカップ】【恵比寿】巨乳大学生美女と本番解禁！MB密着GHR体験記 #8/23 #東京都内,https://wakust.com/Risingnoboru/1820251/,東京都,2026-08-16 00:00,,,8/23,2,26,,52,3,3
2026-08-21 00:04:27,金,1762949,"【8/23.24.25出勤出勤】【Gカップ】【本厚木】HP通り可愛い美女のと一緒に入る泡洗体に溺れる至高の本番GHR体験記 #8/23,8/24,8/25 #神奈川",https://wakust.com/Risingnoboru/1762949/,神奈川県,2026-06-28 00:01,,,"8/23,8/24,8/25",,30,118,328,15,19
2026-08-21 00:04:27,金,1817000,"【8/21.22.23出勤】【Eカップ】【笹塚】爆乳美女の無課金生外だしと全裸お触り密着に狂う体験記 #8/21,8/22,8/23 #東京都内",https://wakust.com/Risingnoboru/1817000/,東京都,2026-08-15 00:00,,,"8/21,8/22,8/23",1,30,,54,,
2026-08-21 00:04:27,金,1820247,【8/19出勤】【Hカップ】【新宿】グラマラス爆乳美女と本番解禁！TL密着GHR体験記 #東京都内,https://wakust.com/Risingnoboru/1820247/,新宿,2026-08-15 00:00,,,,1,7,,13,,
2026-08-21 00:04:27,金,1656086,"【12/8.27出勤】【Iカップ】【大宮】神スタイルと初回NSの悦楽！AI超えの美体と堕ちる「生の温もり」…2回戦連続フィニッシュ #12/8,12/27 #埼玉",https://wakust.com/Risingnoboru/1656086/,埼玉県,2026-03-30 16:07,,,"12/8,12/27",,14,37,475,6,7
2026-08-21 00:04:27,金,1708502,"【8/21.23.24出勤】【Gカップ】【新宿】本番解禁！白川理桜似のGカップ美女と「密着中出し」。理性を焼き切る至高のGHR体験記 #8/21,8/23,8/24 #東京都内",https://wakust.com/Risingnoboru/1708502/,新宿,2026-05-11 00:01,,,"8/21,8/23,8/24",,4,14,69,1,1
2026-08-21 00:04:27,金,1788157,"【8/21.22出勤】【Gカップ】【吉祥寺】本番解禁！HP通り美人なムッチリ巨乳と密着69に理性が溶けるGHR体験記 #8/21,8/22",https://wakust.com/Risingnoboru/1788157/,多摩,2026-07-19 00:00,,,"8/21,8/22",,5,26,39,,
2026-08-21 00:04:27,金,1761532,"【8/21.22出勤】【Gカップ】【渋谷】本番解禁！現役女子大生のとSPPNで絡み合う至高のGHR体験記 #8/21,8/22 #東京都内",https://wakust.com/Risingnoboru/1761532/,東京都,2026-06-27 00:02,,,"8/21,8/22",1,12,33,111,3,3
2026-08-21 00:04:27,金,1662507,"【8/21.23.24出勤】【Gカップ】【五反田】金額交渉なしの神展開！「今日は特別だよ…♥」と囁かれ、生の温もりに溺れた至高の初回生挿入NS体験記！ #8/21,8/23,8/24 #東京都内",https://wakust.com/Risingnoboru/1662507/,東京都,2026-04-01 16:30,,,"8/21,8/23,8/24",1,12,52,418,4,4
2026-08-21 00:04:27,金,1673756,"【8/21.23出勤】【Fカップ】【大宮】爆乳解禁！追加なしの極上PZ。至高の肉感と密着ハグに溺れるパイズリフィニッシュ体験記 #8/21,8/23 #埼玉",https://wakust.com/Risingnoboru/1673756/,埼玉県,2026-04-11 00:00,,,"8/21,8/23",,8,25,209,3,3
2026-08-21 00:04:27,金,1817022,"【8/21.22出勤】【Fカップ】【新宿】池田エライザ似ハーフ美女のTL密着と至高のPZフィニッシュ体験記 #8/21,8/22 #東京都内",https://wakust.com/Risingnoboru/1817022/,新宿,2026-08-13 00:00,,,"8/21,8/22",,12,,13,1,1
2026-08-21 00:04:27,金,1817029,【8/21出勤】【Fカップ】【赤坂】ツルスベ巨乳美女のSPPN全裸密着と怒涛のPZフィニッシュ体験記 #8/21 #東京都内,https://wakust.com/Risingnoboru/1817029/,東京都,2026-08-13 00:00,,,8/21,1,38,,58,3,3
2026-08-21 00:04:27,金,1683630,"【8/21.23出勤】【Fカップ】【荻窪】22歳Fカップ美女の「名器の締め付け」と爆乳密着に溺れる至高の初回GHRフィニッシュ体験記 #8/21,8/23",https://wakust.com/Risingnoboru/1683630/,多摩,2026-04-19 00:05,,,"8/21,8/23",,9,26,208,2,2
2026-08-21 00:04:27,金,1802007,"【8/21.23出勤】【Fカップ】【中野】現役学生の高身長童顔美女と楽しむ至高の本番GHR体験記 #8/21,8/23 #東京都内",https://wakust.com/Risingnoboru/1802007/,池袋,2026-08-01 00:00,,,"8/21,8/23",,3,,19,,
2026-08-21 00:04:27,金,1656118,"【8/21.22出勤】【Gカップ】【大宮】初回から巨乳MBのPZ多幸感！密着オイルで理性を溶かし、巨大な肉圧で搾り取られる至高の快楽 #8/21,8/22 #埼玉",https://wakust.com/Risingnoboru/1656118/,埼玉県,2026-03-25 19:30,,,"8/21,8/22",,2,14,222,3,3
2026-08-21 00:04:27,金,1817039,【8/18出勤】【Iカップ】【本厚木】爆乳美女と無課金本番解禁！紙パンツ脱ぎ捨てトロ顔GHR体験記,https://wakust.com/Risingnoboru/1817039/,神奈川県,2026-08-12 00:00,,,,1,58,,97,4,4
2026-08-21 00:04:27,金,1817043,【8/21出勤】【Jカップ】【藤沢】天然Jカップ巨乳美女がキャミ脱ぎ捨てからの本番GHR体験記 #8/21 #神奈川,https://wakust.com/Risingnoboru/1817043/,神奈川県,2026-08-12 00:00,,,8/21,1,35,,54,,
2026-08-21 00:04:27,金,1817008,"【8/22.23出勤】【Iカップ】【新宿】神乳PZで絶頂！ハーフ系二重美女の爆乳パイズリと至高の密着体験記 #8/22,8/23 #東京都内",https://wakust.com/Risingnoboru/1817008/,新宿,2026-08-12 00:00,,,"8/21,8/22,8/23",1,13,,23,,
2026-08-21 00:04:27,金,1817004,"【8/21.22.23出勤】【Gカップ】【新宿】むちむち可愛い系美女のマイクロビキニ密着と神乳PZフィニッシュ体験記 #8/21,8/22,8/23 #東京都内",https://wakust.com/Risingnoboru/1817004/,新宿,2026-08-12 00:00,,,"8/21,8/22,8/23",,10,,10,,
2026-08-21 00:04:27,金,1656274,"【8/21.22.26出勤】【Fカップ】【登戸】溢れる巨乳Gカップの衝撃！密着オイル攻めから交渉で堕ちた、至高の「生感覚」本番GHRフィニッシュ体験記！ #8/21,8/22,8/26",https://wakust.com/Risingnoboru/1656274/,多摩,2026-03-25 19:43,,,"8/21,8/22,8/26",,,28,247,1,1
2026-08-21 00:04:27,金,1780536,"【8/22.23出勤】【Gカップ】【多摩】生ハメNNで絶頂！小顔グラマラス美女の超密着ヌルヌル本番と至高の体験記 #8/22,8/23",https://wakust.com/Risingnoboru/1780536/,多摩,2026-07-17 00:01,,,"8/22,8/23",,5,53,89,3,3
2026-08-21 00:04:27,金,1663647,"【8/22.23出勤】【Fカップ】【新宿】新宿の現役学生と初回「生in」中出し！スレンダー美女の絶景と吐息に溺れる至高のフィニッシュ体験記！ #8/22,8/23 #東京都内",https://wakust.com/Risingnoboru/1663647/,新宿,2026-04-01 17:27,,,"8/22,8/23",,1,17,82,2,2
2026-08-21 00:04:27,金,1797240,"【8/21.22出勤】【Iカップ】【溝の口】ぱるる系清楚アイドルと本番解禁！新人美巨乳密着に狂うGHR体験記 #8/21,8/22",https://wakust.com/Risingnoboru/1797240/,多摩,2026-07-27 00:00,,,"8/21,8/22",,2,19,35,,
2026-08-21 00:04:27,金,1808348,【8/22出勤】【Hカップ】【秋葉原】 #8/22 #東京都内,https://wakust.com/Risingnoboru/1808348/,東京都,2026-08-07 00:00,,,8/22,,5,,34,,
2026-08-21 00:04:27,金,1662490,"【8/23.30出勤】【Lカップ】【秋葉原】視界を覆う「おっぱいスタンプ」から搾り取られるPZ(パイズリ)フィニッシュ体験記！水袋のような超軟乳の至高のPZ(パイズリ)の衝撃！ #8/23,8/30 #東京都内",https://wakust.com/Risingnoboru/1662490/,東京都,2026-04-02 17:18,,,"8/23,8/30",1,6,38,555,4,4
2026-08-21 00:04:27,金,1802001,【8/6出勤】【Kカップ】【池袋】Kカップお姉さん美女のMB密着と爆乳PZフィニッシュ体験記 #東京都内,https://wakust.com/Risingnoboru/1802001/,池袋,2026-08-01 00:00,,,,,4,,51,2,2
2026-08-21 00:04:27,金,1664794,【8/13出勤】【Gカップ】【横浜】初回から理性が決壊する一線越え。Gカップ美女の吐息と「名器の締め付け」に溺れた至高のGHRフィニッシュ体験記,https://wakust.com/Risingnoboru/1664794/,神奈川県,2026-04-03 00:06,,,,,3,17,196,3,3
2026-08-21 00:04:27,金,1789466,"【8/21.22.23出勤】【Hカップ】【海老名】本番解禁！Fカップおっとり美人と生まれたて全裸密着に狂うGHR体験記 #8/21,8/22,8/23 #神奈川",https://wakust.com/Risingnoboru/1789466/,神奈川県,2026-07-20 00:00,,,"8/21,8/22,8/23",,7,49,78,3,3
2026-08-21 00:04:27,金,1642194,"【8/24.25.26出勤】【Fカップ】【登戸】街で二度見する爆美女と「密着シャワー」の悦楽…初回から奥地まで咥え込む濃厚Fで昇天！ #8/24,8/25,8/26",https://wakust.com/Risingnoboru/1642194/,多摩,2026-03-13 16:52,,,"8/24,8/25,8/26",,3,38,278,3,3
2026-08-21 00:04:27,金,1806934,【8/5出勤】【Hカップ】【西麻布】本番NS解禁！長身スレンダー美女の四つん這い紙パンツちぎりに狂う体験記 #東京都内,https://wakust.com/Risingnoboru/1806934/,東京都,2026-08-05 00:00,,,,,2,,23,,
2026-08-21 00:04:27,金,1806911,"【8/21.22.23出勤】【Eカップ】【新宿】ピンク髪スレンダー美女の丸出し密着に狂うGHR体験記 #8/21,8/22,8/23 #東京都内",https://wakust.com/Risingnoboru/1806911/,新宿,2026-08-05 00:00,,,"8/21,8/22,8/23",,2,,11,,
2026-08-21 00:04:27,金,1806940,"【8/21.23.25出勤】【Hカップ】【新宿】グラマラス爆乳美女と膝上乗っかり密着に狂う本番GHR体験記 #8/21,8/23,8/25 #東京都内",https://wakust.com/Risingnoboru/1806940/,新宿,2026-08-05 00:00,,,"8/21,8/23,8/25",,4,,21,,
2026-08-21 00:04:27,金,1771377,【8/21出勤】【Iカップ】【秋葉原】爆乳美女のおっぱいポロン密着に狂う本番GHR体験記 #8/21 #東京都内,https://wakust.com/Risingnoboru/1771377/,東京都,2026-07-06 00:01,,,8/21,2,5,48,79,1,1
2026-08-21 00:04:27,金,1662519,【8/23出勤】【Iカップ】【北千住】爆乳と「爆裂美尻」の衝撃！理性を溶かす密着オイルから、生の熱量に溺れた至高の初回本番HR体験記！ #8/23 #東京都内,https://wakust.com/Risingnoboru/1662519/,東京都,2026-04-04 16:57,,,8/23,1,6,80,334,7,8
2026-08-21 00:04:27,金,1651197,"【8/22.23出勤】【Hカップ】【中野】「手でやらなきゃいいでしょ？」可愛い顔してPZ(パイズリ)で翻弄する小悪魔系美女 #8/22,8/23 #東京都内",https://wakust.com/Risingnoboru/1651197/,東京都,2026-03-21 11:34,,,"8/22,8/23",,4,26,184,2,2
2026-08-21 00:04:27,金,1656077,【8/23出勤】【Iカップ】【大宮】おわん型巨乳の重圧と「生」の温もり…感度抜群の地雷系美女と堕ちる、衝撃の初回本番NSフィニッシュ！ #8/23 #埼玉,https://wakust.com/Risingnoboru/1656077/,埼玉県,2026-03-26 15:57,,,8/23,,2,12,176,1,1
2026-08-21 00:04:27,金,1667126,"【8/21.22出勤】【Gカップ】【武蔵小杉】ニコル似Iカップ美女の初回本番「生in」。至高のNSフィニッシュ体験記 #8/21,8/22 #神奈川",https://wakust.com/Risingnoboru/1667126/,神奈川県,2026-04-11 00:05,,,"8/21,8/22",,4,11,151,2,2
2026-08-21 00:04:27,金,1802005,【8/5出勤】【Gカップ】【銀座】人生イチ綺麗なGカップ！福岡美人によるツバ垂らしPZとSPPN密着体験記 #東京都内,https://wakust.com/Risingnoboru/1802005/,東京都,2026-08-01 00:00,,,,1,2,,34,1,1
2026-08-21 00:04:27,金,1677614,【7/31出勤】【Fカップ】【浦和】低身長巨乳と密着。色白美肌美女の「生乳PZ」と、耳元への吐息に溺れる至高のフィニッシュ体験記,https://wakust.com/Risingnoboru/1677614/,埼玉県,2026-04-14 00:04,,,,1,,51,224,3,3
2026-08-21 00:04:27,金,1762969,【8/21出勤】【Gカップ】【横浜】神乳PZで絶頂！Gカップアイドル顔美女のマイクロビキニポロリと至高のフィニッシュ体験記 #8/21 #神奈川,https://wakust.com/Risingnoboru/1762969/,神奈川県,2026-06-28 00:03,,,8/21,,,41,95,1,1
2026-08-21 00:04:27,金,1598368,【8/18出勤】【Iカップ】【秋葉原】焦らしの美学に完敗！プロの脚本で堕ちる「鏡越しの背徳ANR」と至福のPZ(パイズリ)フィニッシュ #東京都内,https://wakust.com/Risingnoboru/1598368/,東京都,2026-02-04 15:07,,,,,3,85,610,4,4
2026-08-21 00:04:27,金,1797226,"【8/21.23出勤】【Fカップ】【北千住】ギャル系美人の無課金GHR！紙パンツなし超密着に狂う至高の体験記 #8/21,8/23 #東京都内",https://wakust.com/Risingnoboru/1797226/,東京都,2026-07-28 00:00,,,"8/21,8/23",1,6,28,79,,
2026-08-21 00:04:27,金,1797257,"【8/23.26.27出勤】【Hカップ】【恵比寿】神乳PZで絶頂！小柄可愛い巨乳美女の極上マイクロビキニ密着と至高のフィニッシュ体験記 #8/23,8/26,8/27 #東京都内",https://wakust.com/Risingnoboru/1797257/,東京都,2026-07-27 00:00,,,"8/23,8/26,8/27",,6,31,57,1,1
2026-08-21 00:04:27,金,1797247,【8/20出勤】【Hカップ】【三軒茶屋】天然Gカップロリ体型美女と本番！ふわふわマシュマロ密着に狂うGHR体験記,https://wakust.com/Risingnoboru/1797247/,神奈川県,2026-07-26 00:00,,,,1,,,2,,
2026-08-21 00:04:27,金,1780542,"【8/21.22.23出勤】【Hカップ】【新宿】神乳PZで絶頂！天然Hカップ美女の透けビキニ密着と至高のフィニッシュ体験記 #8/21,8/22,8/23 #東京都内",https://wakust.com/Risingnoboru/1780542/,新宿,2026-07-13 00:00,,,"8/21,8/22,8/23",1,7,29,49,1,1
2026-08-21 00:04:27,金,1654034,【8/22出勤】【Fカップ】【武蔵小杉】有村架純似の可憐な美女と溺れる「主導権剥奪」の100分…最後は理性を超える初回本番GHRフィニッシュ！ #8/22 #神奈川,https://wakust.com/Risingnoboru/1654034/,神奈川県,2026-03-26 20:04,,,8/22,,4,46,213,5,5
2026-08-21 00:04:27,金,1708856,【8/26出勤】【Dカップ】【麻布】清楚系美女の本番とMBからはみ出す両CKBに溺れる至高のGHR体験記 #8/26 #東京都内,https://wakust.com/Risingnoboru/1708856/,東京都,2026-05-14 00:00,,,8/26,,2,11,76,,
2026-08-21 00:04:27,金,1642392,"【8/21.26.27出勤】【Gカップ】【秋葉原】甘えたがり必見!!高身長Hカプお姉さんのお◯ぱい密着天国からのPZ(パイズリ)フィニッシュ！ #8/21,8/26,8/27 #東京都内",https://wakust.com/Risingnoboru/1642392/,東京都,2026-03-14 10:40,,,"8/21,8/26,8/27",,2,24,258,2,2
2026-08-21 00:04:27,金,1755449,"【8/22.23出勤】【Hカップ】【五反田】伝説級の超マシュマロ巨乳PZ！漫画スタイルの爆乳に溺れる至高のフィニッシュ体験記 #8/22,8/23 #東京都内",https://wakust.com/Risingnoboru/1755449/,東京都,2026-06-21 00:01,,,"8/22,8/23",1,3,62,198,1,1
2026-08-21 00:04:27,金,1662528,"【8/22.23出勤】【Gカップ】【新宿】金額交渉で堕ちる「生の温もり」！密着オイルから不意打ちの絶品F、そして衝撃の初回本番HRフィニッシュへ！ #8/22,8/23 #東京都内",https://wakust.com/Risingnoboru/1662528/,新宿,2026-04-02 17:13,,,"8/22,8/23",,2,3,56,,
2026-08-21 00:04:27,金,1788140,"【8/21.22.23出勤】【Fカップ】【恵比寿】本番解禁！パネマジなし綺麗系美女の天然巨乳に溺れる至高のGHR体験記 #8/21,8/22,8/23 #東京都内",https://wakust.com/Risingnoboru/1788140/,東京都,2026-07-19 00:00,,,"8/21,8/22,8/23",,1,29,41,1,1
2026-08-21 00:04:27,金,1662554,"【8/21.23出勤】【Gカップ】【中野】高身長スレンダー×天然ロケットπ開始30分で理性が決壊！細身の体に宿る巨乳の衝撃と、禁断の初回NSフィニッシュ体験記！ #8/21,8/23 #東京都内",https://wakust.com/Risingnoboru/1662554/,東京都,2026-03-31 17:47,,,"8/21,8/23",,4,16,169,1,1
2026-08-21 00:04:27,金,1764682,"【8/21.22出勤】【Gカップ】【 大宮】Gカップ美女のMBはみ出し密着と至高のPZパイズリフィニッシュ体験記 #8/21,8/22 #埼玉",https://wakust.com/Risingnoboru/1764682/,埼玉県,2026-06-30 00:01,,,"8/21,8/22",,3,42,79,1,1
2026-08-21 00:04:27,金,1599734,"【8/22.23.25出勤】【Gカップ】【新宿】初回で合体まで至った至福の本番HR体験記「このGカップ、本物だ…」若さ弾ける爆乳美女の神対応。 #8/22,8/23,8/25 #東京都内",https://wakust.com/Risingnoboru/1599734/,新宿,2026-02-05 15:57,,,"8/22,8/23,8/25",1,,15,182,2,2
2026-08-21 00:04:27,金,1655143,【8/26出勤】【Fカップ】【横浜】隠れ家で堕ちる「脱衣プレイ」とNBRの誘惑…至近距離で見つめられ搾り取られる極上PZ(パイズリ)の衝撃！ #8/26 #神奈川,https://wakust.com/Risingnoboru/1655143/,神奈川県,2026-03-25 18:15,,,8/26,,11,23,185,3,3
2026-08-21 00:04:27,金,1678808,【7/4出勤】【Fカップ】【船橋】生挿入NN解禁！爆乳美女と「唾液NF」に溺れる、至高のフィニッシュ体験記 #千葉,https://wakust.com/Risingnoboru/1678808/,未分類,2026-04-16 00:06,,,,,,,,10,12
2026-08-21 00:04:27,金,1678781,【7/4出勤】【Gカップ】【船橋】生乳爆乳PZ解禁。色白美肌美女と悪戯な囁きに溺れる至高のフィニッシュ体験記 #千葉,https://wakust.com/Risingnoboru/1678781/,千葉県,2026-04-13 18:45,,,,,,26,252,4,4
2026-08-21 00:04:27,金,1708852,【8/21出勤】【Fカップ】【麻布】NN解禁！クール系美女の「生挿入中出し」と、神スタイルに溺れる至高のフィニッシュ体験記 #8/21 #東京都内,https://wakust.com/Risingnoboru/1708852/,東京都,2026-05-13 00:02,,,8/21,,,15,71,1,1
2026-08-21 00:04:27,金,1653916,【8/22出勤】【Gカップ】【新宿】ロシア系クォーターの至高ボディ！爆揺れ巨乳に埋もれる「魔性の69」と絶品PZ(パイズリ)フィニッシュ #8/22 #東京都内,https://wakust.com/Risingnoboru/1653916/,新宿,2026-03-23 17:55,,,8/22,,1,10,154,2,2
2026-08-21 00:04:27,金,1754547,"【8/24.26出勤】【Eカップ】【新宿】本番解禁！猫顔スレンダー美女の「名器中出し」と、関西弁の甘い誘惑に溺れる至高のGHR体験記 #8/24,8/26 #東京都内",https://wakust.com/Risingnoboru/1754547/,新宿,2026-06-22 00:02,,,"8/24,8/26",,,7,52,1,1
2026-08-21 00:04:27,金,1650404,【8/23出勤】【Fカップ】【新宿】「特別コースですから…♥」橋本マナミ風お姉さんの透け衣装誘惑。ムチムチFカップと溶け合う初回PZ(パイズリ)による至福の夜 #8/23 #東京都内,https://wakust.com/Risingnoboru/1650404/,新宿,2026-03-20 16:36,,,8/23,1,4,9,131,1,1
2026-08-21 00:04:27,金,1654061,【6/26出勤】【Fカップ】【相模大野】メジャーアイドル級美女と溺れる「KPなし」の密着洗体…最後はG着用で果てる禁断の絶頂本番HR体験！,https://wakust.com/Risingnoboru/1654061/,神奈川県,2026-03-23 20:21,,,,,4,14,140,2,2
2026-08-21 00:04:27,金,1710810,"【8/21.24.25出勤】【Gカップ】【新宿】乃木坂系美女と密着本番HR。アニメ級の爆乳に溺れる、至高のGHRフィニッシュ体験記 #8/21,8/24,8/25 #東京都内",https://wakust.com/Risingnoboru/1710810/,新宿,2026-05-13 00:01,,,"8/21,8/24,8/25",,1,12,57,1,1
2026-08-21 00:04:27,金,1655253,"【8/21.22出勤】【Gカップ】【新宿】コスプレ級美女と堕ちる「禁断の本番」！溢れ出す爆乳おっぱいスタンプと、本番GHRの積極的な誘いに理性が溶ける至福の90分！ #8/21,8/22 #東京都内",https://wakust.com/Risingnoboru/1655253/,新宿,2026-03-24 20:05,,,"8/21,8/22",,,4,52,,
2026-08-21 00:04:27,金,1668275,【8/14出勤】【Fカップ】【新宿】九州出身セクシー美女の「おっとり吐息」と名器に溺れる、至高の初回本番GHRフィニッシュ体験記,https://wakust.com/Risingnoboru/1668275/,新宿,2026-04-08 00:06,,,,,,4,42,1,1
2026-08-21 00:04:27,金,1663737,【8/22出勤】【Gカップ】【新宿】本番解禁！福原遥似の美少女とGHR。お椀型巨乳とヌルヌル密着オイルに溺れる至高のフィニッシュ体験記 #8/22 #東京都内,https://wakust.com/Risingnoboru/1663737/,新宿,2026-04-01 23:00,,,8/22,,,11,46,,
2026-08-21 00:04:27,金,1657099,都内出勤カレンダー,https://wakust.com/Risingnoboru/1657099/,東京都,2026-03-26 12:43,,,,,10,32,431,,
2026-08-21 00:04:27,金,1657105,埼玉県(大宮)出勤カレンダー,https://wakust.com/Risingnoboru/1657105/,埼玉県,2026-03-26 12:46,,,,,1,12,182,,
2026-08-21 00:04:27,金,1657104,横浜周辺出勤カレンダー,https://wakust.com/Risingnoboru/1657104/,神奈川県,2026-03-26 12:46,,,,,1,10,156,,
2026-08-21 00:04:27,金,1657101,多摩(吉祥寺)周辺カレンダー,https://wakust.com/Risingnoboru/1657101/,多摩,2026-03-26 12:44,,,,,1,10,147,,
2026-08-21 00:04:27,金,1648133,【4/3.5出勤】【Gカップ】【田町】【PZ】20歳のふわっふわH乳によるグラインドPZ(パイズリ)でSKR #東京都内,https://wakust.com/Risingnoboru/1648133/,東京都,2026-03-19 15:37,,,,,,5,94,2,2
